Country name,year,Life Ladder,Log GDP per capita,GDP per capita
Afghanistan,2008,3.7239999999999998,7.37,1587.633783044449
Afghanistan,2009,4.402,7.54,1881.8300251626902
Afghanistan,2010,4.758,7.647,2094.3530961112497
Afghanistan,2011,3.832,7.62,2038.562129821184
Afghanistan,2012,3.783,7.705,2219.4173822613598
Afghanistan,2013,3.572,7.725,2264.2525874617127
Afghanistan,2014,3.1310000000000002,7.718,2248.458164324304
Afghanistan,2015,3.983,7.702000000000001,2212.7691075129055
Afghanistan,2016,4.22,7.697,2201.732875547393
Afghanistan,2017,2.662,7.697,2201.732875547393
Afghanistan,2018,2.694,7.692,2190.7516870184454
Albania,2009,5.485,9.262,10530.172639417138
Albania,2010,5.269,9.302999999999999,10970.88253613413
Albania,2011,5.867000000000001,9.331,11282.408254454724
Albania,2012,5.51,9.347000000000001,11464.378667813971
Albania,2013,4.551,9.359,11602.779958761907
Albania,2014,4.814,9.378,11825.340406915982
Albania,2015,4.607,9.402999999999999,12124.700324559442
Albania,2016,4.511,9.437000000000001,12544.028316980644
Albania,2017,4.64,9.476,13042.910390068237
Albania,2018,5.004,9.517999999999999,13602.3792326431
Algeria,2011,5.317,9.297,10905.25432244294
Algeria,2012,5.605,9.311,11059.00160272171
Algeria,2017,5.249,9.354,11544.910852294843
Algeria,2018,5.043,9.347999999999999,11475.8487805823
Angola,2011,5.5889999999999995,8.946,7677.12187466361
Angola,2012,4.36,8.992,8038.517864758025
Angola,2013,3.937,9.005,8143.70080478784
Angola,2014,3.795,9.017000000000001,8242.013913342153
Argentina,2008,5.961,10.048,23109.5215524194
Argentina,2009,6.4239999999999995,9.977,21525.638671379947
Argentina,2010,6.441,10.066,23529.25924675544
Argentina,2011,6.776,10.112,24636.885266049503
Argentina,2012,6.468,10.091000000000001,24124.905280437593
Argentina,2013,6.582000000000001,10.103,24416.148105849767
Argentina,2014,6.671,10.067,23552.800274554327
Argentina,2015,6.697,10.083,23932.675980615197
Argentina,2016,6.4270000000000005,10.051,23178.954213994533
Argentina,2017,6.039,10.067,23552.800274554327
Argentina,2018,5.792999999999999,10.032,22742.711513142352
Armenia,2008,4.652,9.256,10467.180768169876
Armenia,2009,4.178,9.111,9054.34471048696
Armenia,2010,4.368,9.136000000000001,9283.556538102664
Armenia,2011,4.26,9.182,9720.574493719265
Armenia,2012,4.32,9.249,10394.166351393365
Armenia,2013,4.277,9.277000000000001,10689.315818931333
Armenia,2014,4.453,9.307,11014.853950478833
Armenia,2015,4.348,9.334,11316.306300864171
Armenia,2016,4.325,9.333,11304.995650830884
Armenia,2017,4.288,9.402000000000001,12112.581684564795
Armenia,2018,5.062,9.451,12720.879785130874
Australia,2008,7.254,10.719000000000001,45206.67355753195
Australia,2010,7.45,10.722000000000001,45342.497211818256
Australia,2011,7.406000000000001,10.732999999999999,45844.01798842853
Australia,2012,7.196000000000001,10.754000000000001,46816.922105450874
Australia,2013,7.364,10.762,47192.95962684872
Australia,2014,7.289,10.772,47667.25675629494
Australia,2015,7.309,10.779000000000002,48002.09813113318
Australia,2016,7.25,10.790999999999999,48581.59332594988
Australia,2017,7.257000000000001,10.798,48922.857510382826
Australia,2018,7.1770000000000005,10.811,49563.00661176903
Austria,2008,7.181,10.887,53476.62919680882
Austria,2010,7.303,10.860999999999999,52104.1563004465
Austria,2011,7.471,10.887,53476.62919680882
Austria,2012,7.401,10.889000000000001,53583.689479798704
Austria,2013,7.499,10.883,53263.14992320767
Austria,2014,6.95,10.882,53209.91339598448
Austria,2015,7.0760000000000005,10.880999999999998,53156.73007867903
Austria,2016,7.047999999999999,10.890999999999998,53690.96409761776
Austria,2017,7.294,10.908,54611.51298302441
Austria,2018,7.396,10.927999999999999,55714.73872617006
Azerbaijan,2008,4.817,9.465,12900.22458644303
Azerbaijan,2009,4.574,9.533999999999999,13821.767728060799
Azerbaijan,2010,4.218999999999999,9.568999999999999,14314.095069630357
Azerbaijan,2011,4.68,9.54,13904.947624579181
Azerbaijan,2012,4.9110000000000005,9.549,14030.656996838448
Azerbaijan,2013,5.481,9.592,14647.134528650564
Azerbaijan,2014,5.252000000000001,9.607000000000001,14868.497619217196
Azerbaijan,2015,5.147,9.606,14853.636553369308
Azerbaijan,2016,5.303999999999999,9.564,14242.703222632666
Azerbaijan,2017,5.152,9.555,14115.093996507643
Azerbaijan,2018,5.167999999999999,9.562000000000001,14214.246282613081
Bahrain,2009,5.7010000000000005,10.709000000000001,44756.85963998743
Bahrain,2010,5.937,10.706,44622.79026568086
Bahrain,2011,4.824,10.696,44178.786083961335
Bangladesh,2008,5.052,7.886,2659.7834800891915
Bangladesh,2009,5.083,7.9239999999999995,2762.800173462905
Bangladesh,2010,4.8580000000000005,7.9670000000000005,2884.1917969777755
Bangladesh,2011,4.986000000000001,8.017999999999999,3035.101056579331
Bangladesh,2012,4.724,8.07,3197.101829077355
Bangladesh,2013,4.66,8.116,3347.603514450516
Bangladesh,2015,4.633,8.216000000000001,3699.6740494185465
Bangladesh,2016,4.556,8.274,3920.6000694090294
Bangladesh,2017,4.31,8.334,4163.036438086783
Bangladesh,2018,4.499,8.399,4442.6219037445335
Belarus,2009,5.564,9.681000000000001,16010.499423877418
Belarus,2010,5.526,9.758,17292.013041847065
Belarus,2011,5.225,9.812000000000001,18251.45350593444
Belarus,2012,5.749,9.83,18582.95422504213
Belarus,2013,5.876,9.839,18750.955685631838
Belarus,2014,5.812,9.856,19072.44686476829
Belarus,2015,5.718999999999999,9.815,18306.29008018617
Belarus,2016,5.178,9.788,17818.633240154675
Belarus,2017,5.553,9.814,18287.992940200747
Belarus,2018,5.234,9.846,18882.672847653695
Belgium,2008,7.117000000000001,10.789000000000001,48484.527237741684
Belgium,2010,6.854,10.779000000000002,48002.09813113318
Belgium,2011,7.111000000000001,10.783,48194.491052977464
Belgium,2012,6.935,10.784,48242.70964931045
Belgium,2013,7.104,10.784,48242.70964931045
Belgium,2014,6.855,10.795,48776.30887072263
Belgium,2015,6.904,10.81,49513.468378402154
Belgium,2016,6.949,10.819,49961.10091872367
Belgium,2017,6.928,10.834000000000001,50716.16626518083
Belgium,2018,6.892,10.844000000000001,51225.87221001433
Belize,2014,5.956,8.883,7208.383480931476
Benin,2008,3.667,7.915,2738.046530382468
Benin,2011,3.87,7.904,2708.0930646400143
Benin,2012,3.193,7.922999999999999,2760.0387542291764
Benin,2013,3.4789999999999996,7.9639999999999995,2875.552187480791
Benin,2014,3.347,7.997999999999999,2975.002029010993
Benin,2015,3.625,7.9879999999999995,2945.4002642257715
Benin,2016,4.007,7.992999999999999,2960.1641444894885
Benin,2017,4.853,8.021,3044.2200313720336
Benin,2018,5.82,8.059,3162.126426340487
Bhutan,2013,5.569,9.123,9163.65137532499
Bhutan,2014,4.939,9.167,9575.853993563838
Bhutan,2015,5.082,9.219,10086.972310669875
Bolivia,2008,5.297999999999999,8.756,6348.666056649464
Bolivia,2009,6.086,8.773,6457.515982526031
Bolivia,2010,5.781000000000001,8.797,6614.371098525363
Bolivia,2011,5.779,8.831,6843.126521721684
Bolivia,2012,6.019,8.865,7079.793361266187
Bolivia,2013,5.767,8.915,7442.782129013993
Bolivia,2014,5.865,8.953,7731.050256916757
Bolivia,2015,5.834,8.985,7982.444724660185
Bolivia,2016,5.77,9.012,8200.90669745515
Bolivia,2017,5.651,9.039,8425.347494432875
Bolivia,2018,5.916,9.066,8655.930742874383
Bosnia and Herzegovina,2009,4.963,9.296,10894.354518930555
Bosnia and Herzegovina,2010,4.669,9.312000000000001,11070.066135668874
Bosnia and Herzegovina,2011,4.995,9.333,11304.995650830884
Bosnia and Herzegovina,2012,4.773,9.342,11407.199840665271
Bosnia and Herzegovina,2013,5.124,9.382,11872.736497530099
Bosnia and Herzegovina,2014,5.249,9.411,12222.086954280006
Bosnia and Herzegovina,2015,5.117,9.457,12797.434498317218
Bosnia and Herzegovina,2016,5.181,9.5,13359.726829661873
Bosnia and Herzegovina,2017,5.09,9.532,13794.151817720336
Bosnia and Herzegovina,2018,5.8870000000000005,9.576,14414.64525017011
Botswana,2008,5.4510000000000005,9.59,14617.869534342557
Botswana,2010,3.553,9.556000000000001,14129.21615040427
Botswana,2011,3.52,9.6,14764.781565577267
Botswana,2012,4.836,9.632,15244.89542846484
Botswana,2013,4.128,9.728,16780.956822523047
Botswana,2014,4.031000000000001,9.756,17257.46357674498
Botswana,2015,3.762,9.724,16713.967064069526
Botswana,2016,3.4989999999999997,9.748,17119.954637269137
Botswana,2017,3.505,9.756,17257.46357674498
Botswana,2018,3.4610000000000003,9.777999999999999,17641.334877052508
Brazil,2008,6.691,9.555,14115.093996507643
Brazil,2009,7.001,9.544,13960.678803126393
Brazil,2010,6.837000000000001,9.607000000000001,14868.497619217196
Brazil,2011,7.037999999999999,9.637,15321.310784799422
Brazil,2013,7.14,9.668,15803.709975060827
Brazil,2014,6.981,9.664,15740.621396435923
Brazil,2015,6.547000000000001,9.62,15063.049938404263
Brazil,2016,6.375,9.578,14443.503389190075
Brazil,2017,6.332999999999999,9.583,14515.901751211231
Brazil,2018,6.191,9.589,14603.258971307288
Bulgaria,2010,3.912,9.765,17413.481777718636
Bulgaria,2011,3.875,9.795,17943.801249767104
Bulgaria,2012,4.2219999999999995,9.804,18106.024370051713
Bulgaria,2013,3.9930000000000003,9.812999999999999,18269.714088209756
Bulgaria,2014,4.438,9.838,18732.21410229965
Bulgaria,2015,4.865,9.883,19594.417828780388
Bulgaria,2016,4.838,9.927999999999999,20496.306947596357
Bulgaria,2017,5.0969999999999995,9.969,21354.12054925971
Bulgaria,2018,5.099,10.007,22181.19196516861
Burkina Faso,2008,3.846,7.403,1640.8997525833033
Burkina Faso,2010,4.0360000000000005,7.452999999999999,1725.0304819413955
Burkina Faso,2011,4.785,7.487,1784.6899827533557
Burkina Faso,2012,3.955,7.52,1844.5672940532859
Burkina Faso,2013,3.326,7.546,1893.1549461017414
Burkina Faso,2014,3.4810000000000003,7.559,1917.926627463049
Burkina Faso,2015,4.419,7.568,1935.2658766919715
Burkina Faso,2016,4.206,7.596,1990.21907579807
Burkina Faso,2017,4.647,7.627000000000001,2052.882126244143
Burkina Faso,2018,4.927,7.665,2132.392781947809
Burundi,2008,3.563,6.718999999999999,827.9891082406418
Burundi,2009,3.792,6.723,831.3076974271935
Burundi,2011,3.7060000000000004,6.747999999999999,852.3523519804479
Burundi,2014,2.905,6.787000000000001,886.2508172590611
Burundi,2018,3.775,6.635,761.2790658227758
Cambodia,2008,4.462,7.879,2641.2300086385894
Cambodia,2009,4.111000000000001,7.865,2604.510425351892
Cambodia,2010,4.141,7.907,2716.2295424482895
Cambodia,2011,4.1610000000000005,7.96,2864.0729525064603
Cambodia,2012,3.8989999999999996,8.014,3022.984900819405
Cambodia,2013,3.674,8.068,3190.7140153621845
Cambodia,2014,3.883,8.121,3364.383446895706
Cambodia,2015,4.162,8.173,3543.9599114734365
Cambodia,2016,4.461,8.225,3733.121403185928
Cambodia,2017,4.586,8.276,3928.4491159780705
Cameroon,2008,4.292,8.033999999999999,3084.053246696605
Cameroon,2009,4.7410000000000005,8.029,3068.671466957833
Cameroon,2010,4.553999999999999,8.035,3087.138842484066
Cameroon,2011,4.434,8.048,3127.5336447592845
Cameroon,2012,4.245,8.065,3181.156217181716
Cameroon,2013,4.271,8.09,3261.6875702267084
Cameroon,2014,4.24,8.12,3361.0207450799394
Cameroon,2015,5.038,8.149,3459.9174175264184
Cameroon,2016,4.816,8.167,3522.7598158915894
Cameroon,2017,5.074,8.176,3554.6077549872466
Cameroon,2018,5.251,8.19,3604.7222464633783
Canada,2008,7.486000000000001,10.738,46073.81208487432
Canada,2009,7.4879999999999995,10.697000000000001,44222.986966803364
Canada,2010,7.65,10.717,45116.35056351853
Canada,2011,7.426,10.738,46073.81208487432
Canada,2012,7.415,10.744000000000002,46351.0859471494
Canada,2013,7.593999999999999,10.757,46957.58375875087
Canada,2014,7.303999999999999,10.775,47810.47324388286
Canada,2015,7.412999999999999,10.774000000000001,47762.686667909205
Canada,2016,7.245,10.773,47714.947854626116
Canada,2017,7.415,10.792,48630.1992181715
Canada,2018,7.175,10.798,48922.857510382826
Central African Republic,2010,3.568,7.091,1201.1083085653872
Central African Republic,2011,3.678,7.125,1242.6481670549958
Central African Republic,2016,2.693,6.785,884.4800869450997
Central African Republic,2017,3.4760000000000004,6.817,913.2411728646088
Chad,2008,4.632,7.356,1565.561774648888
Chad,2009,3.639,7.364,1578.1365006850901
Chad,2010,3.7430000000000003,7.457000000000001,1731.944422531759
Chad,2011,4.393,7.425,1677.3995730173622
Chad,2012,4.033,7.476,1765.1659718696417
Chad,2013,3.508,7.497999999999999,1804.4299433024605
Chad,2014,3.46,7.532,1866.8354432600174
Chad,2015,4.323,7.527,1857.52456264292
Chad,2016,4.029,7.431,1687.494224124854
Chad,2017,4.559,7.37,1587.633783044449
Chad,2018,4.486000000000001,7.3629999999999995,1576.5591529896978
Chile,2008,5.789,9.911,20150.814733867992
Chile,2009,6.494,9.885,19633.64587941258
Chile,2010,6.636,9.931000000000001,20557.888194123047
Chile,2011,6.526,9.98,21590.312549706177
Chile,2012,6.599,10.023,22538.945432307013
Chile,2013,6.74,10.052999999999999,23225.358511251656
Chile,2014,6.843999999999999,10.059,23365.129556140957
Chile,2015,6.5329999999999995,10.07,23623.564769046367
Chile,2016,6.579,10.074,23718.248268877574
Chile,2017,6.32,10.072000000000001,23670.859177227856
Chile,2018,6.436,10.097000000000001,24270.08983021617
Colombia,2008,6.167999999999999,9.351,11510.328019923656
Colombia,2009,6.272,9.351,11510.328019923656
Colombia,2010,6.4079999999999995,9.384,11896.505731836396
Colombia,2011,6.4639999999999995,9.442,12606.905520580414
Colombia,2012,6.375,9.471,12977.85860310978
Colombia,2013,6.607,9.512,13521.009311121446
Colombia,2014,6.449,9.546,13988.628100713786
Colombia,2015,6.388,9.564,14242.703222632666
Colombia,2016,6.234,9.571,14342.751907054773
Colombia,2017,6.157,9.568999999999999,14314.095069630357
Colombia,2018,5.984,9.579,14457.95411673883
Comoros,2009,3.4760000000000004,7.952000000000001,2841.25177530802
Comoros,2010,3.812,7.965,2878.429177923745
Comoros,2011,3.838,7.981,2924.8544565982015
Comoros,2012,3.9560000000000004,7.9879999999999995,2945.4002642257715
Comoros,2018,3.9730000000000003,8.027999999999999,3065.6043293152875
Congo (Brazzaville),2011,4.51,8.18,3568.8546608229963
Congo (Brazzaville),2012,3.9189999999999996,8.192,3611.9389052095007
Congo (Brazzaville),2013,3.955,8.201,3644.5930787218194
Congo (Brazzaville),2014,4.056,8.242,3797.1269729228106
Congo (Brazzaville),2015,4.691,8.243,3800.9259990922305
Congo (Brazzaville),2016,4.119,8.19,3604.7222464633783
Congo (Brazzaville),2017,4.8839999999999995,8.146,3449.5532193442655
Congo (Brazzaville),2018,5.49,8.136000000000001,3415.229591320698
Congo (Kinshasa),2009,3.984,6.728,835.4746446011279
Congo (Kinshasa),2011,4.5169999999999995,6.797000000000001,895.157786050995
Congo (Kinshasa),2012,4.638999999999999,6.832000000000001,927.0430457198471
Congo (Kinshasa),2013,4.497,6.88,972.6263597918842
Congo (Kinshasa),2014,4.414,6.937,1029.676547137503
Congo (Kinshasa),2015,3.903,6.971,1065.2875055774196
Congo (Kinshasa),2016,4.522,6.962000000000001,1055.7429330294667
Congo (Kinshasa),2017,4.311,6.966,1059.9743619775766
Costa Rica,2008,6.851,9.662,15709.171613908855
Costa Rica,2009,7.615,9.639,15351.984069429205
Costa Rica,2010,7.271,9.675,15914.724040809331
Costa Rica,2011,7.229,9.705,16399.399544470998
Costa Rica,2012,7.272,9.74,16983.54138073373
Costa Rica,2013,7.1579999999999995,9.751,17171.391618074424
Costa Rica,2014,7.247000000000001,9.775,17588.490179101824
Costa Rica,2015,6.854,9.799,18015.720196768263
Costa Rica,2016,7.136,9.83,18582.95422504213
Costa Rica,2017,7.225,9.857999999999999,19110.629928834187
Costa Rica,2018,7.141,9.874,19418.859266868687
Croatia,2009,5.433,10.104,24440.576466100032
Croatia,2010,5.596,10.091000000000001,24124.905280437593
Croatia,2011,5.385,10.091000000000001,24124.905280437593
Croatia,2012,6.028,10.072000000000001,23670.859177227856
Croatia,2013,5.885,10.068999999999999,23599.953012123402
Croatia,2014,5.381,10.072000000000001,23670.859177227856
Croatia,2015,5.205,10.104,24440.576466100032
Croatia,2016,5.417000000000001,10.146,25488.942253981604
Croatia,2017,5.343,10.189,26608.872718590363
Croatia,2018,5.5360000000000005,10.224,27556.673016312798
Cyprus,2009,6.832999999999999,10.558,38484.0827606562
Cyprus,2010,6.3870000000000005,10.550999999999998,38215.63484519709
Cyprus,2011,6.69,10.53,37421.47438347849
Cyprus,2012,6.181,10.479000000000001,35560.82892649527
Cyprus,2013,5.439,10.414000000000001,33322.89575774873
Cyprus,2014,5.627000000000001,10.405999999999999,33057.376086475146
Cyprus,2015,5.439,10.445,34372.083921639474
Cyprus,2016,5.795,10.505999999999998,36534.05067866169
Cyprus,2017,6.062,10.539000000000001,37759.78777960008
Cyprus,2018,6.276,10.567,38832.002797209534
Czech Republic,2010,6.25,10.419,33489.92746783006
Czech Republic,2011,6.331,10.435,34030.07597223162
Czech Republic,2012,6.334,10.425999999999998,33725.17938119036
Czech Republic,2013,6.6979999999999995,10.42,33523.43414584466
Czech Republic,2014,6.484,10.446,34406.47319733317
Czech Republic,2015,6.608,10.495999999999999,36170.53080059269
Czech Republic,2016,6.736000000000001,10.517999999999999,36975.10029190243
Czech Republic,2017,6.79,10.558,38484.0827606562
Czech Republic,2018,7.034,10.583,39458.31195401432
Denmark,2008,7.971,10.88,53103.599918108266
Denmark,2009,7.683,10.824000000000002,50211.53197923745
Denmark,2010,7.771,10.839,50970.382106493846
Denmark,2011,7.787999999999999,10.847999999999999,51431.18605278811
Denmark,2012,7.52,10.845999999999998,51328.42647451396
Denmark,2013,7.5889999999999995,10.850999999999999,51585.71128289773
Denmark,2014,7.507999999999999,10.862,52156.286517511355
Denmark,2015,7.513999999999999,10.878,52997.49885470244
Denmark,2016,7.558,10.902999999999999,54339.136925702434
Denmark,2017,7.593999999999999,10.915999999999999,55050.157324821754
Denmark,2018,7.649,10.935,56106.11009895962
Djibouti,2008,5.0089999999999995,8.111,3330.9072722675473
Djibouti,2009,4.906000000000001,7.9270000000000005,2771.101019026008
Djibouti,2011,4.369,7.88,2643.872559702548
Dominican Republic,2008,4.842,9.391,11980.073417625068
Dominican Republic,2009,5.432,9.388,11944.18705383265
Dominican Republic,2010,4.735,9.456,12784.643460403762
Dominican Republic,2011,5.397,9.475,13029.87399896007
Dominican Republic,2012,4.753,9.488999999999999,13213.57514250813
Dominican Republic,2013,5.016,9.525,13697.929924528213
Dominican Republic,2014,5.3870000000000005,9.582,14501.393104992192
Dominican Republic,2015,5.062,9.637,15321.310784799422
Dominican Republic,2016,5.239,9.691,16171.40761818836
Dominican Republic,2017,5.605,9.725,16730.689390903473
Dominican Republic,2018,5.433,9.782,17712.04153560232
Ecuador,2008,5.297000000000001,9.236,10259.9167022221
Ecuador,2009,6.022,9.225,10147.676073711842
Ecuador,2010,5.837999999999999,9.244,10342.325230441062
Ecuador,2011,5.795,9.304,10981.858905940484
Ecuador,2012,5.961,9.344,11430.037069963479
Ecuador,2013,6.019,9.377,11813.520977208878
Ecuador,2014,5.946000000000001,9.399,12076.298391662896
Ecuador,2015,5.9639999999999995,9.384,11896.505731836396
Ecuador,2016,6.115,9.355,11556.461537527211
Ecuador,2017,5.84,9.36,11614.38854204492
Ecuador,2018,6.127999999999999,9.355,11556.461537527211
Egypt,2009,5.066,9.213,10026.631679720485
Egypt,2010,4.669,9.244,10342.325230441062
Egypt,2011,4.1739999999999995,9.24,10301.03855791324
Egypt,2012,4.204,9.24,10301.03855791324
Egypt,2013,3.5589999999999997,9.238999999999999,10290.742668158182
Egypt,2014,4.885,9.245,10352.672728558264
Egypt,2015,4.763,9.266,10572.377683790171
Egypt,2016,4.5569999999999995,9.287,10796.74522892703
El Salvador,2008,5.191,8.908,7390.86457753756
El Salvador,2009,6.8389999999999995,8.883,7208.383480931476
El Salvador,2010,6.74,8.9,7331.973539155995
El Salvador,2011,4.7410000000000005,8.933,7577.965205097658
El Salvador,2012,5.934,8.956,7754.278232229498
El Salvador,2013,6.325,8.974,7895.11900468138
El Salvador,2014,5.857,8.986,7990.431161937958
El Salvador,2015,6.018,9.005,8143.70080478784
El Salvador,2016,6.14,9.025,8308.21447382152
El Salvador,2017,6.3389999999999995,9.042,8450.661488922417
El Salvador,2018,6.2410000000000005,9.061,8612.759108187589
Estonia,2008,5.452000000000001,10.298,29673.21304079966
Estonia,2009,5.138,10.144,25438.01531338986
Estonia,2011,5.487,10.248,28226.033363886923
Estonia,2012,5.364,10.282,29202.21962727171
Estonia,2013,5.367000000000001,10.299000000000001,29702.901095393787
Estonia,2014,5.556,10.331,30668.76533934061
Estonia,2015,5.629,10.347999999999999,31194.59120640076
Estonia,2016,5.65,10.374,32016.286326018704
Estonia,2017,5.938,10.429,33826.50683451841
Estonia,2018,6.091,10.472000000000001,35312.772334977046
Ethiopia,2013,4.445,7.343,1545.3411901501242
Ethiopia,2014,4.507,7.412999999999999,1657.3910692651352
Ethiopia,2015,4.573,7.484,1779.3439358849325
Ethiopia,2016,4.298,7.547000000000001,1895.0490479409216
Ethiopia,2017,4.18,7.612,2022.318693160826
Ethiopia,2018,4.379,7.651,2102.7472856825866
Finland,2008,7.671,10.796,48825.10957587918
Finland,2010,7.393,10.734000000000002,45889.88493606867
Finland,2011,7.354,10.754000000000001,46816.922105450874
Finland,2012,7.42,10.735,45935.797773597325
Finland,2013,7.445,10.722000000000001,45342.497211818256
Finland,2014,7.385,10.714,44981.20433253411
Finland,2015,7.4479999999999995,10.716,45071.25676361273
Finland,2016,7.66,10.74,46166.051918130746
Finland,2017,7.787999999999999,10.767999999999999,47476.96855938105
Finland,2018,7.858,10.783,48194.491052977464
France,2008,7.007999999999999,10.674000000000001,43217.46608305153
France,2009,6.2829999999999995,10.639000000000001,41731.01932672223
France,2010,6.797999999999999,10.654000000000002,42361.70291828682
France,2011,6.959,10.671,43088.00796906684
France,2012,6.649,10.669,43001.91807172273
France,2013,6.667000000000001,10.669,43001.91807172273
France,2014,6.4670000000000005,10.674000000000001,43217.46608305153
France,2015,6.358,10.682,43564.5924659086
France,2016,6.475,10.69,43914.506997553566
France,2017,6.635,10.710999999999999,44846.462932692215
France,2018,6.666,10.727,45569.777424909786
Gabon,2011,4.255,9.607999999999999,14883.373553563892
Gabon,2012,3.972,9.621,15078.120522378791
Gabon,2013,3.8,9.638,15336.639758793795
Gabon,2014,3.918,9.644,15428.936209810425
Gabon,2015,4.6610000000000005,9.649,15506.274074400451
Gabon,2016,4.832,9.639,15351.984069429205
Gabon,2017,4.782,9.616,15002.918082538172
Gabon,2018,4.783,9.599,14750.024163942298
Gambia,2017,4.118,7.6370000000000005,2073.5139346169985
Gambia,2018,4.922,7.671,2145.225598590999
Georgia,2008,4.156000000000001,9.144,9358.122858000454
Georgia,2009,3.801,9.116,9099.729802216474
Georgia,2010,4.102,9.184,9740.035096822929
Georgia,2011,4.203,9.263,10540.708078898337
Georgia,2012,4.254,9.332,11293.69630579419
Georgia,2013,4.349,9.371,11742.852070073623
Georgia,2014,4.288,9.414,12258.808269574807
Georgia,2015,4.122,9.442,12606.905520580414
Georgia,2016,4.448,9.47,12964.887231273544
Georgia,2017,4.4510000000000005,9.517000000000001,13588.783652333608
Georgia,2018,4.659,9.565,14256.95304958128
Germany,2009,6.641,10.714,44981.20433253411
Germany,2010,6.725,10.755999999999998,46910.64964595964
Germany,2011,6.621,10.812999999999999,49662.231817122796
Germany,2012,6.702000000000001,10.815999999999999,49811.4422162651
Germany,2013,6.965,10.817,49861.27857250652
Germany,2014,6.984,10.835,50766.90779798392
Germany,2015,7.037000000000001,10.844000000000001,51225.87221001433
Germany,2016,6.874,10.857999999999999,51948.078065955546
Germany,2017,7.074,10.878,52997.49885470244
Germany,2018,7.117999999999999,10.89,53637.29997005606
Ghana,2008,4.965,8.152000000000001,3470.312754988696
Ghana,2009,4.198,8.174,3547.5056439556715
Ghana,2010,4.606,8.225,3733.121403185928
Ghana,2011,5.608,8.332,4154.718685735549
Ghana,2012,5.0569999999999995,8.397,4433.7455392603215
Ghana,2013,4.965,8.445,4651.7557129677
Ghana,2014,3.86,8.45,4675.072735511784
Ghana,2015,3.986,8.449,4670.399999533658
Ghana,2016,4.513999999999999,8.46,4722.057997634323
Ghana,2017,5.481,8.517000000000001,4999.034136220119
Ghana,2018,5.004,8.555,5192.652891517612
Greece,2009,6.039,10.491,35990.12952561305
Greece,2010,5.84,10.433,33962.08383508833
Greece,2011,5.372000000000001,10.339,30915.09948485672
Greece,2012,5.096,10.267999999999999,28796.237061477343
Greece,2013,4.72,10.243,28085.25543517652
Greece,2014,4.756,10.257,28481.214255706407
Greece,2015,5.622999999999999,10.259,28538.233684640298
Greece,2016,5.303,10.261,28595.367266546928
Greece,2017,5.148,10.277999999999999,29085.644055340497
Greece,2018,5.409,10.299000000000001,29702.901095393787
Guatemala,2008,6.414,8.904,7361.360167386918
Guatemala,2009,6.452000000000001,8.891,7266.281833397916
Guatemala,2010,6.29,8.901,7339.309179904219
Guatemala,2011,5.742999999999999,8.923,7502.563191463918
Guatemala,2012,5.856,8.935,7593.136301547276
Guatemala,2013,5.985,8.953,7731.050256916757
Guatemala,2014,6.5360000000000005,8.98,7942.632115502687
Guatemala,2015,6.465,9.003,8127.429679727027
Guatemala,2016,6.359,9.013,8209.111705973108
Guatemala,2017,6.325,9.026,8316.526843787622
Guatemala,2018,6.627000000000001,9.042,8450.661488922417
Guinea,2011,4.045,7.567,1933.3315781257552
Guinea,2012,3.6519999999999997,7.603,2004.1994836695874
Guinea,2013,3.9019999999999997,7.619,2036.5245866327518
Guinea,2014,3.412,7.632000000000001,2063.172240723833
Guinea,2015,3.505,7.645,2090.1685758341428
Guinea,2016,3.603,7.721,2255.2136670046716
Guinea,2017,4.874,7.792000000000001,2421.1550532179504
Guinea,2018,5.252000000000001,7.8229999999999995,2497.3863400559153
Haiti,2008,3.846,7.417000000000001,1664.0339103672832
Haiti,2010,3.766,7.3839999999999995,1610.0169727440634
Haiti,2011,4.845,7.422999999999999,1674.0481264350574
Haiti,2012,4.413,7.437,1697.649625206664
Haiti,2013,4.622,7.4639999999999995,1744.1105653108305
Haiti,2014,3.889,7.477,1766.9320207187657
Haiti,2015,3.57,7.476,1765.1659718696417
Haiti,2016,3.352,7.477,1766.9320207187657
Haiti,2017,3.824,7.475,1763.4016881866366
Haiti,2018,3.615,7.477,1766.9320207187657
Honduras,2008,5.42,8.52,5014.0537567949195
Honduras,2009,6.0329999999999995,8.474,4788.631738419147
Honduras,2010,5.8660000000000005,8.49,4865.86607325375
Honduras,2011,4.961,8.508,4954.244683858152
Honduras,2012,4.602,8.53,5064.445834819708
Honduras,2013,4.713,8.54,5115.344361648364
Honduras,2014,5.056,8.552,5177.098276431647
Honduras,2015,4.845,8.572000000000001,5281.682599065782
Honduras,2016,5.648,8.593,5393.770739916186
Honduras,2017,6.02,8.624,5563.596329510834
Honduras,2018,5.9079999999999995,8.642999999999999,5670.315279352602
Hungary,2009,4.895,10.097000000000001,24270.08983021617
Hungary,2010,4.725,10.106,24489.506532788917
Hungary,2011,4.918,10.127,25009.224105005378
Hungary,2012,4.683,10.117,24760.378167356266
Hungary,2013,4.914,10.14,25336.46648519111
Hungary,2014,5.181,10.183,26449.69748550349
Hungary,2015,5.343999999999999,10.222999999999999,27529.130117041328
Hungary,2016,5.449,10.248,28226.033363886923
Hungary,2017,6.065,10.293,29525.21727333868
Hungary,2018,5.936,10.344000000000001,31070.062065895047
Iceland,2008,6.888,10.860999999999999,52104.1563004465
Iceland,2012,7.591,10.777000000000001,47906.18987509633
Iceland,2013,7.501,10.809000000000001,49463.979658507786
Iceland,2015,7.497999999999999,10.854000000000001,51740.7007847572
Iceland,2016,7.51,10.904000000000002,54393.50324125555
Iceland,2017,7.476,10.925,55547.844975787506
India,2008,5.146,8.22,3714.502382511299
India,2009,4.522,8.281,3948.1405491170094
India,2010,4.989,8.349,4225.952676773184
India,2011,4.635,8.387,4389.629034030798
India,2012,4.72,8.427999999999999,4573.34425166855
India,2013,4.428,8.478,4807.824625556587
India,2014,4.4239999999999995,8.538,5105.123896796746
India,2015,4.342,8.604,5453.429741000845
India,2016,4.178999999999999,8.673,5843.002088554798
India,2017,4.046,8.73,6185.728111201582
India,2018,3.818,8.779,6496.3775465285735
Indonesia,2008,4.815,8.943,7654.1250215669
Indonesia,2009,5.472,8.975,7903.018072561741
Indonesia,2010,5.457000000000001,9.022,8283.327180006245
Indonesia,2011,5.172999999999999,9.068999999999999,8681.937525772253
Indonesia,2012,5.367999999999999,9.113999999999999,9081.54852994473
Indonesia,2013,5.292000000000001,9.155,9461.630457536376
Indonesia,2014,5.597,9.19,9798.650979203469
Indonesia,2015,5.043,9.225,10147.676073711842
Indonesia,2016,5.136,9.262,10530.172639417138
Indonesia,2017,5.098,9.3,10938.019208165191
Indonesia,2018,5.34,9.339,11373.029522248635
Iran,2008,5.129,9.488999999999999,13213.57514250813
Iran,2011,4.768,9.547,14002.623725460588
Iran,2013,5.14,9.443,12619.518731655426
Iran,2014,4.6819999999999995,9.476,13042.910390068237
Iran,2015,4.75,9.449,12695.463450367477
Iran,2016,4.6530000000000005,9.561,14200.039141085144
Iran,2017,4.717,9.584,14530.424913333232
Iraq,2008,4.59,9.062999999999999,8630.001863411593
Iraq,2009,4.775,9.076,8742.924293109256
Iraq,2010,5.065,9.112,9063.403583879232
Iraq,2011,4.725,9.152000000000001,9433.288100955418
Iraq,2012,4.66,9.246,10363.030579349077
Iraq,2014,4.542,9.25,10404.565716560723
Iraq,2015,4.493,9.241,10311.344748707696
Iraq,2016,4.413,9.354,11544.910852294843
Iraq,2017,4.462,9.302999999999999,10970.88253613413
Iraq,2018,4.886,9.274,10657.295925329836
Ireland,2008,7.568,10.929,55770.48133155377
Ireland,2009,7.046,10.866,52365.32947076402
Ireland,2010,7.257000000000001,10.879000000000001,53050.52286114176
Ireland,2011,7.007000000000001,10.878,52997.49885470244
Ireland,2012,6.965,10.876,52891.6097813627
Ireland,2013,6.76,10.884,53316.439713585314
Ireland,2014,7.018,10.959000000000001,57468.945348869616
Ireland,2015,6.83,11.174000000000001,71253.55559688841
Ireland,2016,7.041,11.199000000000002,73057.34794461775
Ireland,2017,7.06,11.265999999999998,78119.89180460792
Ireland,2018,6.962000000000001,11.332,83449.75556779912
Israel,2008,7.261,10.44,34200.6524378894
Israel,2009,7.353,10.425,33691.47105877948
Israel,2010,7.359,10.460999999999999,34926.46044996343
Israel,2011,7.433,10.489,35918.22119885805
Israel,2012,7.111000000000001,10.493,36062.18181293419
Israel,2013,7.321000000000001,10.515,36864.34121271486
Israel,2014,7.401,10.533,37533.90737178666
Israel,2015,7.079,10.536,37646.67816551454
Israel,2016,7.159,10.555,38368.803517698085
Israel,2017,7.331,10.57,38948.67372448891
Israel,2018,6.9270000000000005,10.585,39537.307547183686
Italy,2008,6.78,10.710999999999999,44846.462932692215
Italy,2009,6.334,10.652000000000001,42277.06417940202
Italy,2010,6.354,10.665999999999999,42873.105632775216
Italy,2011,6.057,10.671,43088.00796906684
Italy,2012,5.8389999999999995,10.638,41689.30916595169
Italy,2013,6.0089999999999995,10.607999999999999,40457.203876820655
Italy,2014,6.027,10.599,40094.72265417617
Italy,2015,5.848,10.607999999999999,40457.203876820655
Italy,2016,5.955,10.622,41027.588104444265
Italy,2017,6.199,10.64,41772.771218515496
Italy,2018,6.517,10.65,42192.5945488303
Ivory Coast,2009,4.197,8.209,3673.866761958393
Ivory Coast,2013,3.739,8.274,3920.6000694090294
Ivory Coast,2014,3.57,8.334,4163.036438086783
Ivory Coast,2015,4.445,8.392999999999999,4416.045979821558
Ivory Coast,2016,4.543,8.437000000000001,4614.6901272895875
Ivory Coast,2017,5.038,8.482999999999999,4831.923946780526
Ivory Coast,2018,5.268,8.523,5029.118503887385
Jamaica,2011,5.374,9.164,9547.169479867074
Jamaica,2013,5.709,9.151,9423.85952792668
Jamaica,2014,5.311,9.152000000000001,9433.288100955418
Jamaica,2017,5.89,9.169,9595.024866033153
Japan,2008,5.9110000000000005,10.546,38025.03357124185
Japan,2009,5.845,10.491,35990.12952561305
Japan,2010,6.057,10.532,37496.3922251145
Japan,2011,6.263,10.532,37496.3922251145
Japan,2013,5.959,10.57,38948.67372448891
Japan,2014,5.922999999999999,10.575,39143.90476397888
Japan,2015,5.88,10.588,39656.09756576054
Japan,2016,5.955,10.595,39934.664094091015
Japan,2017,5.9110000000000005,10.618,40863.80553554102
Japan,2018,5.794,10.623,41068.636213182384
Jordan,2009,6.0,9.347000000000001,11464.378667813971
Kazakhstan,2008,5.886,9.898,19890.549531534154
Kazakhstan,2009,5.382999999999999,9.884,19614.02204708466
Kazakhstan,2010,5.513999999999999,9.94,20743.744285755543
Kazakhstan,2011,5.736000000000001,9.997,21960.48541747357
Kazakhstan,2012,5.7589999999999995,10.03,22697.271545230622
Kazakhstan,2013,5.835,10.074,23718.248268877574
Kazakhstan,2014,5.97,10.101,24367.364609395714
Kazakhstan,2015,5.95,10.097999999999999,24294.372059137273
Kazakhstan,2016,5.534,10.095,24221.598158391436
Kazakhstan,2017,5.882000000000001,10.121,24859.61802742604
Kazakhstan,2018,6.007999999999999,10.148,25539.971150376303
Kenya,2008,4.015,8.052,3140.0688330012244
Kenya,2009,4.27,8.057,3155.8084935266006
Kenya,2010,4.256,8.111,3330.9072722675473
Kenya,2011,4.405,8.142999999999999,3439.220067164359
Kenya,2012,4.547,8.161,3501.6865400435727
Kenya,2013,3.795,8.192,3611.9389052095007
Kenya,2014,4.905,8.219,3710.7897367610453
Kenya,2015,4.3580000000000005,8.249,3823.800108793601
Kenya,2016,4.396,8.282,3952.090664394587
Kenya,2017,4.476,8.306000000000001,4048.0882029652926
Kenya,2018,4.656000000000001,8.344,4204.875649867035
Kuwait,2009,6.585,11.065,63895.230658631364
Kuwait,2010,6.797999999999999,10.982000000000001,58806.04883856595
Kyrgyzstan,2008,4.737,8.329,4142.273207230208
Kyrgyzstan,2009,5.069,8.345,4209.082628655719
Kyrgyzstan,2010,4.996,8.329,4142.273207230208
Kyrgyzstan,2011,4.921,8.374,4332.933178116231
Kyrgyzstan,2012,5.207999999999999,8.357000000000001,4259.895890010043
Kyrgyzstan,2013,5.402,8.441,4633.185854592386
Kyrgyzstan,2014,5.252000000000001,8.46,4722.057997634323
Kyrgyzstan,2015,4.905,8.477,4803.019204042242
Kyrgyzstan,2016,4.857,8.5,4914.768840299134
Kyrgyzstan,2017,5.63,8.526,5044.228513080332
Kyrgyzstan,2018,5.297000000000001,8.543,5130.713436819261
Laos,2008,5.044,8.366,4298.407997547672
Laos,2011,4.704,8.548,5156.431244944931
Laos,2017,4.623,8.89,7259.0191834946945
Laos,2018,4.859,8.935,7593.136301547276
Latvia,2008,5.145,10.112,24636.885266049503
Latvia,2009,4.669,9.975,21482.63041662801
Latvia,2011,4.967,10.029,22674.585618539244
Latvia,2012,5.125,10.082,23908.755266984805
Latvia,2013,5.07,10.116,24735.630165252263
Latvia,2014,5.729,10.144,25438.01531338986
Latvia,2015,5.881,10.185,26502.64981515339
Latvia,2016,5.94,10.211,27200.754748344018
Latvia,2017,5.978,10.257,28481.214255706407
Latvia,2018,5.901,10.307,29941.477336716944
Lebanon,2008,4.595,9.743,17034.56850729544
Lebanon,2009,5.206,9.83,18582.95422504213
Lebanon,2010,5.032,9.878,19496.69026215209
Lebanon,2011,5.188,9.838,18732.21410229965
Lebanon,2012,4.573,9.8,18033.744927828524
Lebanon,2013,4.9830000000000005,9.772,17535.80377768144
Lebanon,2014,5.233,9.738999999999999,16966.566328293786
Lebanon,2015,5.172000000000001,9.699,16301.297746902092
Lebanon,2016,5.271,9.687000000000001,16106.851186653901
Lebanon,2017,5.154,9.681000000000001,16010.499423877418
Lebanon,2018,5.167000000000001,9.656,15615.19878463155
Lesotho,2011,4.898,7.777,2385.1087505552905
Lesotho,2016,3.8080000000000003,7.952999999999999,2844.094448182872
Lesotho,2017,3.795,7.931,2782.2076214982562
Liberia,2008,4.221,7.223,1370.5946832449602
Liberia,2010,4.196000000000001,7.257999999999999,1419.4148667444565
Liberia,2014,4.571000000000001,7.391,1621.3266291697032
Liberia,2015,2.702,7.365,1579.7154265171146
Liberia,2016,3.355,7.324,1516.2568833990376
Liberia,2017,4.4239999999999995,7.324,1516.2568833990376
Liberia,2018,4.135,7.311,1496.6731142184963
Libya,2012,5.754,9.842,18807.293016431944
Libya,2017,5.647,9.491,13240.028737570354
Libya,2018,5.494,9.617,15017.928504580881
Lithuania,2008,5.553999999999999,10.199,26876.296335333554
Lithuania,2009,5.4670000000000005,10.05,23155.786845395465
Lithuania,2010,5.066,10.085,23980.589229854602
Lithuania,2011,5.432,10.167,26029.869902681563
Lithuania,2012,5.771,10.218,27391.828007775253
Lithuania,2013,5.596,10.263,28652.6152299608
Lithuania,2014,6.126,10.306,29911.55082512986
Lithuania,2015,5.711,10.335,30791.686078281622
Lithuania,2016,5.8660000000000005,10.373,31984.286042501095
Lithuania,2017,6.273,10.429,33826.50683451841
Lithuania,2018,6.309,10.474,35383.46855229888
Luxembourg,2009,6.957999999999999,11.562000000000001,105029.86318624452
Luxembourg,2010,7.097,11.592,108228.49872078316
Luxembourg,2011,7.101,11.595,108553.6717325835
Luxembourg,2012,6.9639999999999995,11.567,105556.3275663255
Luxembourg,2013,7.131,11.58,106937.51811151943
Luxembourg,2014,6.891,11.597999999999999,108879.82172816197
Luxembourg,2015,6.702000000000001,11.617,110968.31621007781
Luxembourg,2016,6.9670000000000005,11.64,113550.16492766769
Luxembourg,2017,7.061,11.634,112870.90375938878
Luxembourg,2018,7.242999999999999,11.645,114119.33749795594
Madagascar,2008,4.64,7.439,1701.0483220209924
Madagascar,2011,4.381,7.336,1534.5615744906104
Madagascar,2012,3.551,7.3389999999999995,1539.1721716518755
Madagascar,2013,3.8160000000000003,7.334,1531.4955184197177
Madagascar,2014,3.676,7.34,1540.7121136662065
Madagascar,2015,3.593,7.343999999999999,1546.88730426849
Madagascar,2016,3.6630000000000003,7.356,1565.561774648888
Madagascar,2017,4.079,7.367999999999999,1584.4616886301383
Madagascar,2018,4.071000000000001,7.386,1613.2402288712613
Malawi,2009,5.148,6.837999999999999,932.6220241926577
Malawi,2011,3.946,6.895,987.3257248143701
Malawi,2012,4.279,6.885,977.5016697087442
Malawi,2013,4.035,6.907,999.2450061692392
Malawi,2014,4.563,6.935,1027.6192520241054
Malawi,2015,3.8680000000000003,6.935,1027.6192520241054
Malawi,2016,3.4760000000000004,6.932,1024.5410139338476
Malawi,2017,3.417,6.945,1037.9469972058562
Malawi,2018,3.335,6.949,1042.1070998531718
Malaysia,2008,5.807,9.908999999999999,20110.553379175384
Malaysia,2009,5.385,9.875,19438.287838802466
Malaysia,2010,5.58,9.93,20537.340581447537
Malaysia,2011,5.7860000000000005,9.966000000000001,21290.154185132924
Malaysia,2012,5.914,10.005,22136.873914062086
Malaysia,2013,5.77,10.037,22856.70982900134
Malaysia,2014,5.962999999999999,10.082,23908.755266984805
Malaysia,2015,6.322,10.118,24785.150929840453
Malaysia,2018,5.3389999999999995,10.222999999999999,27529.130117041328
Mali,2008,4.115,7.607,2012.232336599659
Mali,2009,3.977,7.622000000000001,2042.64333392453
Mali,2010,3.762,7.642,2083.9074664665245
Mali,2011,4.667,7.643,2085.992416234128
Mali,2012,4.313,7.605,2008.2118937094979
Mali,2013,3.676,7.599,1996.1986979740125
Mali,2014,3.975,7.638,2075.5884856542534
Mali,2015,4.582,7.669,2140.939434986142
Mali,2016,4.016,7.695,2197.3338103278734
Mali,2017,4.742,7.718,2248.458164324304
Mali,2018,4.416,7.733,2282.4392578474776
Malta,2014,6.452000000000001,10.485999999999999,35810.628005745966
Malta,2015,6.6129999999999995,10.565999999999999,38793.1902039433
Malta,2016,6.591,10.599,40094.72265417617
Malta,2017,6.676,10.635,41564.4286528838
Malta,2018,6.91,10.67,43044.94149792224
Mauritania,2008,4.248,8.501,4919.686067343184
Mauritania,2009,4.5,8.472999999999999,4783.845500198686
Mauritania,2010,4.772,8.47,4769.515469491679
Mauritania,2011,4.785,8.481,4822.269756295519
Mauritania,2012,4.673,8.495,4890.256328444982
Mauritania,2013,4.199,8.506,4944.3460963774505
Mauritania,2014,4.4830000000000005,8.519,5009.0422092295385
Mauritania,2015,3.923,8.542,5125.585287884258
Mauritania,2016,4.4719999999999995,8.526,5044.228513080332
Mauritania,2017,4.678,8.533,5079.6619851375335
Mauritania,2018,4.314,8.526,5044.228513080332
Mauritius,2011,5.477,9.767000000000001,17448.34359146723
Mauritius,2014,5.648,9.865,19244.873643174862
Mauritius,2016,5.61,9.935,20640.284429508683
Mauritius,2017,6.1739999999999995,9.972000000000001,21418.27910061566
Mauritius,2018,5.882000000000001,10.008,22203.38425142754
Mexico,2008,6.829,9.821,18416.457993904904
Mexico,2009,6.962999999999999,9.752,17188.571598250943
Mexico,2010,6.8020000000000005,9.788,17818.633240154675
Mexico,2011,6.91,9.81,18214.987077506466
Mexico,2012,7.32,9.832,18620.157324190342
Mexico,2013,7.443,9.832,18620.157324190342
Mexico,2014,6.68,9.847000000000001,18901.564964985693
Mexico,2015,6.236000000000001,9.867,19283.401905881175
Mexico,2016,6.824,9.884,19614.02204708466
Mexico,2017,6.41,9.892999999999999,19791.345001876627
Mexico,2018,6.55,9.902999999999999,19990.2513259659
Moldova,2008,5.502999999999999,9.045,8476.051539422398
Moldova,2009,5.553999999999999,8.984,7974.466269827816
Moldova,2010,5.59,9.054,8552.68031552613
Moldova,2011,5.792000000000001,9.111,9054.34471048696
Moldova,2012,5.996,9.105,9000.181294960763
Moldova,2013,5.756,9.192,9818.267891535244
Moldova,2014,5.917000000000001,9.241,10311.344748707696
Moldova,2015,6.017,9.246,10363.030579349077
Moldova,2016,5.577999999999999,9.3,10938.019208165191
Moldova,2017,5.3260000000000005,9.363,11649.284024723467
Moldova,2018,5.682,9.423,12369.6355185384
Mongolia,2008,4.493,8.904,7361.360167386918
Mongolia,2010,4.586,8.92,7480.089229687659
Mongolia,2011,5.031000000000001,9.061,8612.759108187589
Mongolia,2012,4.885,9.158,9490.057968855333
Mongolia,2013,4.913,9.248,10383.777380393207
Mongolia,2014,4.825,9.304,10981.858905940484
Mongolia,2015,4.9830000000000005,9.308,11025.87431369255
Mongolia,2016,5.0569999999999995,9.3,10938.019208165191
Mongolia,2017,5.334,9.334,11316.306300864171
Mongolia,2018,5.465,9.386000000000001,11920.322552181482
Montenegro,2009,4.801,9.699,16301.297746902092
Montenegro,2010,5.455,9.724,16713.967064069526
Montenegro,2011,5.223,9.755,17240.214739024508
Montenegro,2012,5.218999999999999,9.726,16747.42844842824
Montenegro,2013,5.074,9.76,17326.631675024404
Montenegro,2014,5.2829999999999995,9.777000000000001,17623.702359903447
Montenegro,2015,5.125,9.81,18214.987077506466
Montenegro,2016,5.303999999999999,9.839,18750.955685631838
Montenegro,2017,5.615,9.885,19633.64587941258
Montenegro,2018,5.65,9.934,20619.654461782175
Morocco,2011,5.085,8.783,6522.415097099101
Morocco,2012,4.97,8.799,6627.613078288176
Morocco,2013,5.142,8.829,6829.453945811683
Morocco,2015,5.162999999999999,8.872,7129.525775169853
Morocco,2016,5.386,8.869,7108.169248651513
Morocco,2017,5.312,8.898,7317.324246253678
Morocco,2018,4.897,8.914,7435.343067035894
Mozambique,2008,4.654,6.865,958.1458398036497
Mozambique,2011,4.971,6.979,1073.8439859088514
Mozambique,2015,4.55,7.141,1262.690448411886
Mozambique,2017,4.28,7.157,1283.0559854196022
Mozambique,2018,4.654,7.162000000000001,1289.4873303102984
Myanmar,2012,4.439,8.158,3491.1972222670934
Myanmar,2013,4.176,8.23,3751.8337520900773
Myanmar,2015,4.224,8.359,4268.42420726454
Myanmar,2016,4.623,8.408,4482.78596806059
Myanmar,2017,4.154,8.464,4740.9840565078675
Myanmar,2018,4.4110000000000005,8.523,5029.118503887385
Namibia,2014,4.574,9.232000000000001,10218.959005417075
Namibia,2017,4.441,9.215,10046.705009718822
Namibia,2018,4.834,9.204,9936.796857686399
Nepal,2008,4.441,7.686,2177.6465316777985
Nepal,2009,4.917,7.723,2259.72860777447
Nepal,2010,4.35,7.765,2356.6584885231437
Nepal,2011,3.8089999999999997,7.797000000000001,2433.2911434260495
Nepal,2012,4.2330000000000005,7.846,2555.4918781015085
Nepal,2013,4.605,7.888999999999999,2667.774811533125
Nepal,2014,4.975,7.9479999999999995,2829.909467944584
Nepal,2015,4.812,7.976,2910.266684137542
Nepal,2016,5.1,7.973,2901.548967198824
Nepal,2017,4.737,8.039,3099.512127927178
Nepal,2018,4.91,8.087,3251.917170443501
Netherlands,2008,7.631,10.899000000000001,54122.214512056846
Netherlands,2010,7.502000000000001,10.864,52260.70347269595
Netherlands,2011,7.564,10.875,52838.744608573186
Netherlands,2012,7.471,10.860999999999999,52104.1563004465
Netherlands,2013,7.407,10.857000000000001,51896.15595327289
Netherlands,2014,7.321000000000001,10.867,52417.72099162932
Netherlands,2015,7.324,10.882,53209.91339598448
Netherlands,2016,7.541,10.899000000000001,54122.214512056846
Netherlands,2017,7.459,10.921,55326.09738672578
Netherlands,2018,7.462999999999999,10.940999999999999,56443.75869238841
New Zealand,2008,7.381,10.527999999999999,37346.70622778992
New Zealand,2010,7.224,10.52,37049.12449201164
New Zealand,2011,7.191,10.536,37646.67816551454
New Zealand,2012,7.25,10.552999999999999,38292.142597136866
New Zealand,2013,7.28,10.571,38987.64187904331
New Zealand,2014,7.306,10.592,39815.039628225866
New Zealand,2015,7.417999999999999,10.607999999999999,40457.203876820655
New Zealand,2016,7.226,10.623,41068.636213182384
New Zealand,2017,7.327000000000001,10.633,41481.38286904377
New Zealand,2018,7.37,10.66,42616.637173760595
Nicaragua,2008,5.104,8.454,4693.810476953071
Nicaragua,2009,5.353,8.407,4478.305422738572
Nicaragua,2010,5.687,8.436,4610.077743738433
Nicaragua,2011,5.386,8.484,4836.758287494808
Nicaragua,2012,5.4479999999999995,8.533999999999999,5084.744187800483
Nicaragua,2013,5.772,8.568999999999999,5265.8612950905135
Nicaragua,2014,6.275,8.602,5442.533781110726
Nicaragua,2015,5.9239999999999995,8.636000000000001,5630.761671534941
Nicaragua,2016,6.013,8.668,5813.859994060926
Nicaragua,2017,6.476,8.7,6002.912217261018
Nicaragua,2018,5.819,8.647,5693.0419635361495
Niger,2008,4.236000000000001,6.917999999999999,1010.2973778367485
Niger,2009,4.2669999999999995,6.898,990.292149400875
Niger,2010,4.101,6.941,1033.8035017326379
Niger,2011,4.556,6.925,1017.3942696239103
Niger,2012,3.798,6.987,1082.4691926219211
Niger,2013,3.716,7.002000000000001,1098.828619474542
Niger,2014,4.181,7.027,1126.6455984122313
Niger,2015,3.6710000000000003,7.03,1130.0306101863707
Niger,2016,4.235,7.047000000000001,1149.405349235405
Niger,2017,4.6160000000000005,7.058,1162.1186027797728
Niger,2018,5.164,7.087000000000001,1196.3134713985744
Nigeria,2008,4.939,8.402999999999999,4460.427979770133
Nigeria,2009,4.98,8.453,4689.119012599244
Nigeria,2010,4.76,8.504,4934.467286287719
Nigeria,2012,5.492999999999999,8.543,5130.713436819261
Nigeria,2013,4.8180000000000005,8.581,5329.432293773547
Nigeria,2015,4.933,8.615,5513.74861373784
Nigeria,2016,5.22,8.573,5286.966923386644
Nigeria,2017,5.322,8.555,5192.652891517612
Nigeria,2018,5.252000000000001,8.548,5156.431244944931
North Macedonia,2009,4.428,9.464,12887.330809819387
North Macedonia,2010,4.18,9.496,13306.394657796505
North Macedonia,2011,4.898,9.517999999999999,13602.3792326431
North Macedonia,2012,4.64,9.513,13534.53708319128
North Macedonia,2013,5.186,9.541,13918.85952699566
North Macedonia,2014,5.204,9.576,14414.64525017011
North Macedonia,2015,4.976,9.613,14957.976773959399
North Macedonia,2016,5.346,9.64,15367.343732049992
North Macedonia,2017,5.234,9.65,15521.788104196934
North Macedonia,2018,5.24,9.677,15946.58533956926
Norway,2008,7.632000000000001,11.042,62442.411814720544
Norway,2012,7.678,11.017000000000001,60900.703173852104
Norway,2014,7.444,11.024000000000001,61328.50365088815
Norway,2015,7.603,11.033,61882.95145635302
Norway,2016,7.596,11.035,62006.84120772055
Norway,2017,7.579,11.05,62943.95460550949
Norway,2018,7.444,11.056,63322.753593710775
Pakistan,2008,4.414,8.271,3908.855894271645
Pakistan,2009,5.207999999999999,8.277000000000001,3932.3795299735166
Pakistan,2010,5.7860000000000005,8.27,3904.9489921540026
Pakistan,2011,5.267,8.276,3928.4491159780705
Pakistan,2012,5.132000000000001,8.289,3979.8523515904026
Pakistan,2013,5.138,8.311,4068.379329523347
Pakistan,2014,5.436,8.336,4171.370842589327
Pakistan,2015,4.823,8.361,4276.969598221566
Pakistan,2016,5.5489999999999995,8.394,4420.464234560567
Pakistan,2017,5.831,8.427999999999999,4573.34425166855
Pakistan,2018,5.472,8.464,4740.9840565078675
Palestinian Territories,2008,4.386,8.276,3928.4491159780705
Palestinian Territories,2009,4.47,8.329,4142.273207230208
Palestinian Territories,2010,4.703,8.383,4372.1055881510165
Panama,2008,6.931,9.935,20640.284429508683
Panama,2009,7.034,9.93,20537.340581447537
Panama,2010,7.321000000000001,9.969,21354.12054925971
Panama,2011,7.247999999999999,10.059,23365.129556140957
Panama,2012,6.86,10.135,25210.100331412294
Panama,2013,6.8660000000000005,10.184,26476.160412247107
Panama,2014,6.631,10.217,27364.449871117336
Panama,2015,6.606,10.255,28424.308751667566
Panama,2016,6.117999999999999,10.287,29348.59636229424
Panama,2017,6.568,10.324000000000002,30454.833616548884
Panama,2018,6.281000000000001,10.343,31039.007533683096
Paraguay,2008,5.57,9.174,9643.120128320605
Paraguay,2009,5.5760000000000005,9.158,9490.057968855333
Paraguay,2010,5.841,9.25,10404.565716560723
Paraguay,2011,5.6770000000000005,9.277999999999999,10700.010481190146
Paraguay,2012,5.82,9.259,10498.629459925505
Paraguay,2013,5.936,9.326,11226.13700852899
Paraguay,2014,5.119,9.36,11614.38854204492
Paraguay,2015,5.56,9.377,11813.520977208878
Paraguay,2016,5.801,9.406,12161.1290412867
Paraguay,2017,5.712999999999999,9.441,12594.304916411977
Peru,2008,5.129,9.142000000000001,9339.42531605892
Peru,2009,5.519,9.145,9367.485661479956
Peru,2010,5.6129999999999995,9.217,10066.818526550593
Peru,2011,5.892,9.27,10614.751886431688
Peru,2012,5.825,9.322000000000001,11181.322149965134
Peru,2013,5.7829999999999995,9.369,11719.389835988297
Peru,2014,5.8660000000000005,9.382,11872.736497530099
Peru,2015,5.577000000000001,9.402000000000001,12112.581684564795
Peru,2016,5.7010000000000005,9.426,12406.800144158982
Peru,2017,5.711,9.434,12506.45262375129
Peru,2018,5.68,9.456,12784.643460403762
Philippines,2008,4.5889999999999995,8.634,5619.51140221128
Philippines,2009,4.88,8.632,5608.283610940722
Philippines,2010,4.942,8.686,5919.456995866625
Philippines,2011,4.994,8.707,6045.080017899041
Philippines,2012,5.002,8.756,6348.666056649464
Philippines,2013,4.977,8.805,6667.498292745708
Philippines,2014,5.313,8.85,6974.388970105816
Philippines,2015,5.547000000000001,8.896,7302.704222658115
Philippines,2016,5.431,8.95,7707.891861108513
Philippines,2017,5.593999999999999,9.002,8119.306312407912
Philippines,2018,5.869,9.05,8518.537924569118
Poland,2009,5.772,10.047,23086.423581777144
Poland,2010,5.8870000000000005,10.085,23980.589229854602
Poland,2011,5.646,10.133,25159.730517353448
Poland,2012,5.876,10.149,25565.523895769966
Poland,2013,5.746,10.164,25951.89731034146
Poland,2014,5.75,10.197000000000001,26822.597459438435
Poland,2015,6.007000000000001,10.235,27861.469728046104
Poland,2016,6.162000000000001,10.265999999999998,28738.7021414527
Poland,2017,6.2010000000000005,10.314,30151.802958922748
Poland,2018,6.111000000000001,10.366,31761.177829971908
Portugal,2008,5.7170000000000005,10.384,32338.05535300975
Portugal,2010,5.095,10.368,31824.76375035695
Portugal,2011,5.22,10.353,31350.954745523355
Portugal,2012,4.994,10.315,30181.969842809693
Portugal,2013,5.1579999999999995,10.312000000000001,30091.55961642854
Portugal,2014,5.127000000000001,10.325,30485.303682659243
Portugal,2015,5.081,10.347000000000001,31163.412207292236
Portugal,2016,5.447,10.37,31888.476969839372
Portugal,2017,5.711,10.407,33090.449996760646
Portugal,2018,5.92,10.434000000000001,33996.062905627135
Qatar,2009,6.417999999999999,11.456,94466.44773375028
Romania,2009,5.367999999999999,9.949,20931.2806320169
Romania,2010,4.909,9.915,20231.579414478463
Romania,2011,5.023,9.94,20743.744285755543
Romania,2012,5.167000000000001,9.965,21268.874672477385
Romania,2013,5.082,10.004,22114.748104896396
Romania,2014,5.727,10.041,22948.31976604487
Romania,2015,5.777,10.083,23932.675980615197
Romania,2016,5.968999999999999,10.136000000000001,25235.323040996638
Romania,2017,6.09,10.211,27200.754748344018
Romania,2018,6.151,10.26,28566.786192199328
Russia,2008,5.619,10.125,24959.255641914595
Russia,2009,5.1579999999999995,10.044,23017.268096126892
Russia,2010,5.385,10.087,24028.598401482857
Russia,2011,5.388999999999999,10.129,25059.292605025883
Russia,2012,5.621,10.166,26003.853043376617
Russia,2013,5.537000000000001,10.182,26423.26100845956
Russia,2014,6.037000000000001,10.171,26134.19789918132
Russia,2015,5.996,10.149,25565.523895769966
Russia,2016,5.855,10.149,25565.523895769966
Russia,2017,5.579,10.166,26003.853043376617
Russia,2018,5.513999999999999,10.191,26662.143717269242
Rwanda,2008,4.363,7.239,1392.7005737102843
Rwanda,2009,4.03,7.273,1440.8665753420782
Rwanda,2011,4.0969999999999995,7.369,1586.0469428137562
Rwanda,2012,3.333,7.428,1682.4393275884556
Rwanda,2013,3.466,7.449,1718.1441418755467
Rwanda,2014,3.596,7.484,1779.3439358849325
Rwanda,2015,3.483,7.544,1889.3724199964838
Rwanda,2016,3.333,7.5760000000000005,1950.8100976870658
Rwanda,2017,3.108,7.587999999999999,1974.3608407092026
Rwanda,2018,3.5610000000000004,7.644,2088.0794519943233
Saudi Arabia,2008,6.811,10.722000000000001,45342.497211818256
Saudi Arabia,2009,6.148,10.673,43174.27021850036
Senegal,2008,4.683,7.916,2740.7859463925715
Senegal,2009,4.335,7.909,2721.6674376157216
Senegal,2010,4.372,7.917000000000001,2743.5281031888503
Senegal,2011,3.8339999999999996,7.904,2708.0930646400143
Senegal,2012,3.6689999999999996,7.926,2768.331303095756
Senegal,2013,3.647,7.926,2768.331303095756
Senegal,2014,4.395,7.961,2866.938457972909
Senegal,2015,4.617,7.995,2966.0903970556183
Senegal,2016,4.595,8.029,3068.671466957833
Senegal,2017,4.683,8.072000000000001,3203.5024312041046
Senegal,2018,4.769,8.106,3314.294302939865
Serbia,2009,4.38,9.568,14299.788129223183
Serbia,2010,4.461,9.579,14457.95411673883
Serbia,2011,4.815,9.607000000000001,14868.497619217196
Serbia,2012,5.155,9.605,14838.790341159236
Serbia,2013,5.102,9.638,15336.639758793795
Serbia,2014,5.113,9.627,15168.861195310006
Serbia,2015,5.318,9.649,15506.274074400451
Serbia,2016,5.752999999999999,9.687999999999999,16122.966093951256
Serbia,2017,5.122000000000001,9.713,16531.120923830917
Serbia,2018,5.936,9.762,17361.31961475155
Sierra Leone,2008,2.997,7.215,1359.6736680849924
Sierra Leone,2010,4.1339999999999995,7.254,1413.7485474711161
Sierra Leone,2011,4.502,7.292000000000001,1468.5047716948595
Sierra Leone,2013,4.513999999999999,7.577000000000001,1952.7618835150186
Sierra Leone,2014,4.5,7.6,1998.1958951041172
Sierra Leone,2015,4.909,7.347,1551.534934140383
Sierra Leone,2016,4.7330000000000005,7.3839999999999995,1610.0169727440634
Sierra Leone,2017,4.09,7.404,1642.5414730593152
Sierra Leone,2018,4.306,7.417000000000001,1664.0339103672832
Singapore,2008,6.642,11.177999999999999,71539.14060851916
Singapore,2009,6.145,11.149000000000001,69494.29904090712
Singapore,2010,6.531000000000001,11.267000000000001,78198.05076938191
Singapore,2011,6.561,11.307,81389.37376161599
Singapore,2013,6.5329999999999995,11.357000000000001,85562.2961877321
Singapore,2014,7.062,11.383,87816.08822288238
Singapore,2015,6.62,11.4,89321.72336080558
Singapore,2016,6.0329999999999995,11.419,91035.06127221389
Singapore,2017,6.377999999999999,11.460999999999999,94939.96277352911
Singapore,2018,6.375,11.49,97733.53267762439
Slovakia,2010,6.0520000000000005,10.169,26081.9817369506
Slovakia,2011,5.945,10.196,26795.788268808377
Slovakia,2012,5.9110000000000005,10.213,27255.210695635986
Slovakia,2013,5.937,10.218,27391.828007775253
Slovakia,2014,6.138999999999999,10.244000000000002,28113.354737921494
Slovakia,2015,6.162000000000001,10.290999999999999,29466.225849879247
Slovakia,2016,5.992999999999999,10.31,30031.436640212873
Slovakia,2017,6.3660000000000005,10.339,30915.09948485672
Slovakia,2018,6.235,10.376,32080.382973953092
Slovenia,2009,5.83,10.41,33189.87040279469
Slovenia,2010,6.082999999999999,10.419,33489.92746783006
Slovenia,2011,6.0360000000000005,10.425999999999998,33725.17938119036
Slovenia,2012,6.063,10.397,32761.194517978045
Slovenia,2013,5.975,10.385,32370.40958278144
Slovenia,2014,5.678,10.412,33256.316567616406
Slovenia,2015,5.7410000000000005,10.433,33962.08383508833
Slovenia,2016,5.937,10.463,34996.38327037619
Slovenia,2017,6.167000000000001,10.509,36643.8173984524
Slovenia,2018,6.249,10.546,38025.03357124185
South Africa,2008,5.346,9.443999999999999,12632.144562250218
South Africa,2009,5.218,9.414,12258.808269574807
South Africa,2010,4.652,9.43,12456.526731608414
South Africa,2011,4.931,9.447000000000001,12670.097897474832
South Africa,2012,5.1339999999999995,9.453,12746.347003430348
South Africa,2013,3.661,9.461,12848.726752429051
South Africa,2014,4.828,9.464,12887.330809819387
South Africa,2015,4.887,9.46,12835.884447899087
South Africa,2016,4.77,9.45,12708.165263666002
South Africa,2017,4.513999999999999,9.45,12708.165263666002
South Africa,2018,4.8839999999999995,9.443999999999999,12632.144562250218
South Korea,2008,5.39,10.383,32305.733461296048
South Korea,2009,5.648,10.386,32402.796182965412
South Korea,2010,6.1160000000000005,10.447000000000001,34440.896879502994
South Korea,2011,6.947,10.475,35418.86971848416
South Korea,2013,5.959,10.52,37049.12449201164
South Korea,2014,5.801,10.546,38025.03357124185
South Korea,2015,5.78,10.568,38870.85422248174
South Korea,2016,5.971,10.593,39854.87458201138
South Korea,2017,5.874,10.620999999999999,40986.5810232976
South Korea,2018,5.84,10.642999999999999,41898.27769776
Spain,2008,7.294,10.579,39300.79395222581
Spain,2009,6.199,10.532,37496.3922251145
Spain,2010,6.188,10.529000000000002,37384.071613596934
Spain,2011,6.518,10.517999999999999,36975.10029190243
Spain,2012,6.291,10.487,35846.45654503569
Spain,2013,6.15,10.475999999999999,35454.3063035421
Spain,2014,6.456,10.492,36026.13765620332
Spain,2015,6.381,10.530999999999999,37458.91457483761
Spain,2016,6.319,10.56,38561.12794568084
Spain,2017,6.23,10.585999999999999,39576.86462997575
Spain,2018,6.513,10.605,40336.01414068675
Sri Lanka,2008,4.431,9.021,8275.047993109623
Sri Lanka,2009,4.212,9.049,8510.0236444941
Sri Lanka,2010,3.977,9.119,9127.069981386749
Sri Lanka,2011,4.181,9.193,9828.091070197506
Sri Lanka,2012,4.225,9.279,10710.71584346037
Sri Lanka,2013,4.365,9.305,10992.846257606638
Sri Lanka,2014,4.268,9.344,11430.037069963479
Sri Lanka,2015,4.612,9.383,11884.615172375155
Sri Lanka,2017,4.331,9.44,12581.71690654948
Sri Lanka,2018,4.435,9.462,12861.581905686839
Sudan,2009,4.455,8.106,3314.294302939865
Sudan,2010,4.435,8.076,3216.3421031532603
Sudan,2011,4.314,8.204,3655.5432750398163
Sudan,2012,4.55,8.296,4007.80905234775
Sudan,2014,4.138999999999999,8.317,4092.862983010032
Suriname,2012,6.269,9.797,17979.724763806185
Swaziland,2011,4.867,8.94,7631.19705564705
Swaziland,2018,4.212,9.06,8604.150654023859
Sweden,2008,7.516,10.793,48678.85374059632
Sweden,2009,7.266,10.74,46166.051918130746
Sweden,2010,7.496,10.79,48533.036015325706
Sweden,2011,7.382000000000001,10.814,49711.918888335
Sweden,2012,7.56,10.8,49020.80113638175
Sweden,2013,7.434,10.804,49217.2770307482
Sweden,2014,7.239,10.82,50011.087008521754
Sweden,2015,7.289,10.853,51688.98594570148
Sweden,2016,7.369,10.860999999999999,52104.1563004465
Sweden,2017,7.287000000000001,10.873,52733.17272642878
Sweden,2018,7.375,10.880999999999998,53156.73007867903
Switzerland,2009,7.525,11.055,63259.46249094274
Switzerland,2012,7.776,11.079,64796.054944437645
Switzerland,2014,7.492999999999999,11.097999999999999,66038.95010217601
Switzerland,2015,7.572,11.1,66171.16016837658
Switzerland,2016,7.459,11.106,66569.38059600918
Switzerland,2017,7.474,11.115,67171.20918769839
Switzerland,2018,7.5089999999999995,11.134,68459.66371954323
Syria,2008,5.3229999999999995,8.652000000000001,5721.578455131825
Syria,2009,4.979,8.654,5733.03306283158
Syria,2010,4.465,8.729,6179.545474923731
Syria,2011,4.038,8.727,6167.198734829564
Syria,2012,3.1639999999999997,8.562999999999999,5234.36072353629
Syria,2013,2.688,8.396,4429.31400985506
Syria,2015,3.4619999999999997,8.442,4637.821357812294
Taiwan Province of China,2008,5.547999999999999,10.606,40376.37032955883
Taiwan Province of China,2010,6.229,10.690999999999999,43958.44346912551
Tajikistan,2008,5.064,7.665,2132.392781947809
Tajikistan,2009,4.575,7.682,2168.953343518322
Tajikistan,2010,4.381,7.723,2259.72860777447
Tajikistan,2011,4.263,7.772,2373.2129710341806
Tajikistan,2012,4.497,7.821000000000001,2492.3965588203023
Tajikistan,2013,4.967,7.87,2617.565588187496
Tajikistan,2014,4.896,7.9110000000000005,2727.116219456535
Tajikistan,2015,5.124,7.945,2821.4324614083102
Tajikistan,2016,5.104,7.987,2942.4563361709024
Tajikistan,2017,5.829,8.036,3090.2275254106216
Tanzania,2008,4.385,7.5489999999999995,1898.8429386628932
Tanzania,2009,3.408,7.572,1943.022442989249
Tanzania,2010,3.2289999999999996,7.604,2006.204685587116
Tanzania,2011,4.074,7.649,2098.5459938035315
Tanzania,2012,4.007,7.662999999999999,2128.1322583277065
Tanzania,2013,3.852,7.699,2206.140747701351
Tanzania,2014,3.483,7.734,2284.7228387054565
Tanzania,2015,3.661,7.763999999999999,2354.3030079711857
Tanzania,2016,2.903,7.8,2440.6019776244984
Tanzania,2017,3.347,7.836,2530.064309061748
Tanzania,2018,3.445,7.859,2588.930150365536
Thailand,2008,5.636,9.52,13629.611214012439
Thailand,2009,5.476,9.508,13467.03329787144
Thailand,2010,6.2170000000000005,9.576,14414.64525017011
Thailand,2011,6.664,9.579,14457.95411673883
Thailand,2012,6.3,9.645,15444.372863060464
Thailand,2013,6.231,9.667,15787.914164307469
Thailand,2014,6.985,9.672,15867.051413382505
Thailand,2015,6.202000000000001,9.699,16301.297746902092
Thailand,2016,6.074,9.729,16797.746172621497
Thailand,2017,5.939,9.765,17413.481777718636
Thailand,2018,6.0120000000000005,9.802999999999999,18087.927395676907
Togo,2008,2.8080000000000003,7.0520000000000005,1155.1667675243546
Togo,2011,2.9360000000000004,7.146,1269.019710623517
Togo,2014,2.839,7.247000000000001,1403.8868638001773
Togo,2015,3.7680000000000002,7.277,1446.641583960675
Togo,2016,3.8789999999999996,7.306,1489.2084259195788
Togo,2017,4.361000000000001,7.324,1516.2568833990376
Togo,2018,4.023,7.348,1553.0872451006433
Trinidad and Tobago,2008,6.696000000000001,10.295,29584.32679770657
Trinidad and Tobago,2011,6.519,10.263,28652.6152299608
Trinidad and Tobago,2013,6.167999999999999,10.285,29289.957827650454
Trinidad and Tobago,2017,6.192,10.183,26449.69748550349
Tunisia,2010,5.131,9.222000000000001,10117.27866440274
Tunisia,2011,4.876,9.192,9818.267891535244
Tunisia,2012,4.4639999999999995,9.222000000000001,10117.27866440274
Tunisia,2013,5.246,9.24,10301.03855791324
Tunisia,2014,4.763999999999999,9.26,10509.133340450364
Tunisia,2015,5.132000000000001,9.261000000000001,10519.647730109456
Tunisia,2016,4.521,9.262,10530.172639417138
Tunisia,2017,4.124,9.269,10604.142440152522
Tunisia,2018,4.7410000000000005,9.283999999999999,10764.403530044823
Turkey,2008,5.118,9.899,19910.450029656364
Turkey,2009,5.212999999999999,9.838,18732.21410229965
Turkey,2010,5.49,9.906,20050.31212609844
Turkey,2011,5.272,9.996,21938.53590863965
Turkey,2012,5.309,10.026,22606.66379535975
Turkey,2013,4.888,10.091000000000001,24124.905280437593
Turkey,2014,5.58,10.124,24934.308861741676
Turkey,2015,5.513999999999999,10.166,26003.853043376617
Turkey,2016,5.3260000000000005,10.181000000000001,26396.850954678845
Turkey,2017,5.607,10.238,27945.179639314723
Turkey,2018,5.186,10.251,28310.838608241193
Uganda,2008,4.569,7.471,1756.3621698565728
Uganda,2009,4.612,7.505,1817.1052647732058
Uganda,2010,4.1930000000000005,7.528,1859.3830162775082
Uganda,2011,4.8260000000000005,7.586,1970.4160651183024
Uganda,2012,4.309,7.5920000000000005,1982.2741000396936
Uganda,2013,3.71,7.595,1988.229851500189
Uganda,2014,3.77,7.611000000000001,2020.2973852900438
Uganda,2015,4.238,7.627000000000001,2052.882126244143
Uganda,2016,4.2330000000000005,7.6370000000000005,2073.5139346169985
Uganda,2017,4.001,7.638,2075.5884856542534
Uganda,2018,4.322,7.66,2121.757428578471
Ukraine,2008,5.172000000000001,9.488,13200.36817195149
Ukraine,2009,5.166,9.332,11293.69630579419
Ukraine,2010,5.058,9.374,11778.133522000651
Ukraine,2011,5.083,9.431000000000001,12468.989488680008
Ukraine,2012,5.03,9.436,12531.490558587659
Ukraine,2013,4.711,9.437999999999999,12556.578619402948
Ukraine,2014,4.297,9.426,12406.800144158982
Ukraine,2015,3.965,9.327,11237.368760477506
Ukraine,2016,4.029,9.353,11533.37171197431
Ukraine,2017,4.311,9.382,11872.736497530099
Ukraine,2018,4.662,9.42,12332.58221972098
United Arab Emirates,2009,6.8660000000000005,10.975,58395.84388902149
United Arab Emirates,2010,7.097,10.914000000000001,54940.16703712339
United Kingdom,2008,6.986000000000001,10.689,43870.61444049228
United Kingdom,2009,6.907,10.638,41689.30916595169
United Kingdom,2010,7.029,10.649000000000001,42150.42304354842
United Kingdom,2011,6.869,10.657,42488.97884547547
United Kingdom,2012,6.881,10.664000000000001,42787.44511058548
United Kingdom,2013,6.917999999999999,10.679,43434.09453328324
United Kingdom,2014,6.757999999999999,10.697000000000001,44222.986966803364
United Kingdom,2015,6.515,10.712,44891.33182633271
United Kingdom,2016,6.824,10.724,45433.272951723164
United Kingdom,2017,7.103,10.735999999999999,45981.75654692767
United Kingdom,2018,7.233,10.743,46304.75802902191
United States,2008,7.28,10.922,55381.45115638459
United States,2009,7.1579999999999995,10.888,53530.1325732352
United States,2010,7.164,10.905,54447.92395031615
United States,2011,7.115,10.913,54885.25433101532
United States,2012,7.026,10.927999999999999,55714.73872617006
United States,2013,7.249,10.939,56330.983987300344
United States,2014,7.151,10.956,57296.79686466056
United States,2015,6.864,10.977,58512.75244638742
United States,2016,6.803999999999999,10.985999999999999,59041.74411020308
United States,2017,6.992000000000001,11.001,59934.04580396536
United States,2018,6.882999999999999,11.025,61389.862829014804
Uruguay,2008,5.664,9.671,15851.192292850963
Uruguay,2009,6.296,9.71,16481.601876769324
Uruguay,2010,6.062,9.782,17712.04153560232
Uruguay,2011,6.553999999999999,9.83,18582.95422504213
Uruguay,2012,6.45,9.861,19168.047902517777
Uruguay,2013,6.444,9.904,20010.251575750095
Uruguay,2014,6.561,9.932,20578.456364688427
Uruguay,2015,6.627999999999999,9.932,20578.456364688427
Uruguay,2016,6.171,9.946,20868.580886763528
Uruguay,2017,6.336,9.968,21332.777102212607
Uruguay,2018,6.372000000000001,9.98,21590.312549706177
Uzbekistan,2011,5.739,8.493,4880.4855897836715
Uzbekistan,2012,6.019,8.55,5166.754427175995
Uzbekistan,2013,5.94,8.607000000000001,5469.814595216542
Uzbekistan,2014,6.0489999999999995,8.658999999999999,5761.770010646653
Uzbekistan,2015,5.972,8.714,6087.544028667453
Uzbekistan,2017,6.421,8.782,6515.895942122756
Uzbekistan,2018,6.205,8.818,6754.741623528039
Venezuela,2008,6.257999999999999,9.701,16333.932966737337
Venezuela,2009,7.189,9.542,13932.785348272802
Venezuela,2010,7.478,9.717,16597.377833002083
Venezuela,2011,6.58,9.822000000000001,18434.883663198005
Venezuela,2012,7.067,9.826,18508.77087375565
Venezuela,2013,6.553,9.738999999999999,16966.566328293786
Venezuela,2014,6.136,9.557,14143.3524335182
Venezuela,2015,5.569,9.001,8111.191064395771
Venezuela,2016,4.041,9.01,8184.521274944552
Venezuela,2017,5.071000000000001,9.073,8716.734824075576
Vietnam,2008,5.48,8.44,4628.554984558711
Vietnam,2009,5.303999999999999,8.482999999999999,4831.923946780526
Vietnam,2010,5.296,8.535,5089.831475208052
Vietnam,2011,5.767,8.585,5350.792715311169
Vietnam,2012,5.535,8.626,5574.734656784347
Vietnam,2013,5.023,8.668,5813.859994060926
Vietnam,2016,5.062,8.82,6768.264625269173
Vietnam,2018,5.296,8.934,7585.546960548664
Yemen,2009,4.809,8.277999999999999,3936.3138763488064
Yemen,2010,4.35,8.453,4689.119012599244
Yemen,2011,3.7460000000000004,8.336,4171.370842589327
Yemen,2012,4.061,8.236,3774.412422879014
Yemen,2013,4.218,8.242,3797.1269729228106
Yemen,2014,3.968,8.117,3350.952792324801
Yemen,2015,2.983,7.858,2586.3425142488645
Zambia,2008,4.73,7.917999999999999,2746.2730035134555
Zambia,2009,5.26,7.978,2916.0930419214815
Zambia,2011,4.999,8.071,3200.300529990329
Zambia,2012,5.013,8.113999999999999,3340.914998167401
Zambia,2013,5.244,8.131,3398.1960626722166
Zambia,2014,4.346,8.146,3449.5532193442655
Zambia,2015,4.843,8.144,3442.661007414908
Zambia,2016,4.348,8.151,3466.844176811839
Zambia,2017,3.9330000000000003,8.156,3484.2218055644043
Zambia,2018,4.041,8.167,3522.7598158915894
Zimbabwe,2008,3.174,7.461,1738.8860742698284
Zimbabwe,2009,4.056,7.563,1925.6136978642785
Zimbabwe,2010,4.6819999999999995,7.729,2273.3277360084594
Zimbabwe,2011,4.846,7.846,2555.4918781015085
Zimbabwe,2012,4.955,7.983,2930.710019122067
Zimbabwe,2013,4.69,7.985,2936.5773044899192
Zimbabwe,2014,4.184,7.9910000000000005,2954.249732583889
Zimbabwe,2015,3.7030000000000003,7.992000000000001,2957.205459933838
Zimbabwe,2016,3.735,7.984,2933.642194984773
Zimbabwe,2017,3.638,8.016,3029.03692062351
Zimbabwe,2018,3.616,8.049,3130.6627426922505
