Country name,year,Life Ladder,GDP per capita,Healthy_life_expectancy_at_birth,Social support in percentage,Freedom to make life choices in percentage,Perceptions of corruption in percentage
Afghanistan,2008,3.724,7.37,50.8,45.1,71.8,88.2
Afghanistan,2009,4.402,7.54,51.2,55.2,67.9,85.0
Afghanistan,2010,4.758,7.647,51.6,53.900000000000006,60.0,70.7
Afghanistan,2011,3.832,7.62,51.92,52.1,49.6,73.1
Afghanistan,2012,3.783,7.705,52.24,52.1,53.1,77.60000000000001
Afghanistan,2013,3.572,7.725,52.56,48.4,57.8,82.3
Afghanistan,2014,3.131,7.718,52.88,52.6,50.9,87.1
Afghanistan,2015,3.983,7.702,53.2,52.900000000000006,38.9,88.1
Afghanistan,2016,4.22,7.697,53.0,55.900000000000006,52.300000000000004,79.3
Afghanistan,2017,2.662,7.697,52.8,49.1,42.699999999999996,95.39999999999999
Afghanistan,2018,2.694,7.692,52.6,50.8,37.4,92.80000000000001
Albania,2009,5.485,9.262,66.2,83.3,52.5,86.4
Albania,2010,5.269,9.303,66.4,73.3,56.89999999999999,72.6
Albania,2011,5.867,9.331,66.68,75.9,48.699999999999996,87.7
Albania,2012,5.51,9.347,66.96,78.5,60.199999999999996,84.8
Albania,2013,4.551,9.359,67.24,75.9,63.2,86.3
Albania,2014,4.814,9.378,67.52,62.6,73.5,88.3
Albania,2015,4.607,9.403,67.8,63.9,70.39999999999999,88.5
Albania,2016,4.511,9.437,68.1,63.800000000000004,73.0,90.10000000000001
Albania,2017,4.64,9.476,68.4,63.800000000000004,75.0,87.6
Albania,2018,5.004,9.518,68.7,68.4,82.39999999999999,89.9
Algeria,2010,5.464,9.287,64.5,0.0,59.3,61.8
Algeria,2011,5.317,9.297,64.66,81.0,53.0,63.800000000000004
Algeria,2012,5.605,9.311,64.82,83.89999999999999,58.699999999999996,69.0
Algeria,2014,6.355,9.335,65.14,81.8,0.0,0.0
Algeria,2016,5.341,9.362,65.5,74.9,0.0,0.0
Algeria,2017,5.249,9.354,65.7,80.7,43.7,70.0
Algeria,2018,5.043,9.348,65.9,79.9,58.3,75.9
Angola,2011,5.589,8.946,52.5,72.3,58.4,91.10000000000001
Angola,2012,4.36,8.992,53.2,75.3,45.6,90.60000000000001
Angola,2013,3.937,9.005,53.9,72.2,41.0,81.6
Angola,2014,3.795,9.017,54.6,75.5,37.5,83.39999999999999
Argentina,2008,5.961,10.048,67.06,89.2,67.80000000000001,86.5
Argentina,2009,6.424,9.977,67.18,91.9,63.7,88.5
Argentina,2010,6.441,10.066,67.3,92.7,73.0,85.5
Argentina,2011,6.776,10.112,67.48,88.9,81.6,75.5
Argentina,2012,6.468,10.091,67.66,90.2,74.7,81.69999999999999
Argentina,2013,6.582,10.103,67.84,91.0,73.7,82.3
Argentina,2014,6.671,10.067,68.02,91.8,74.5,85.39999999999999
Argentina,2015,6.697,10.083,68.2,92.60000000000001,88.1,85.1
Argentina,2016,6.427,10.051,68.4,88.3,84.8,85.1
Argentina,2017,6.039,10.067,68.6,90.7,83.2,84.1
Argentina,2018,5.793,10.032,68.8,90.0,84.6,85.5
Armenia,2008,4.652,9.256,65.0,70.89999999999999,46.2,87.6
Armenia,2009,4.178,9.111,65.1,68.0,44.1,88.2
Armenia,2010,4.368,9.136,65.2,66.0,45.9,89.1
Armenia,2011,4.26,9.182,65.36,70.5,46.5,87.5
Armenia,2012,4.32,9.249,65.52,67.60000000000001,50.2,89.3
Armenia,2013,4.277,9.277,65.68,72.3,50.4,90.0
Armenia,2014,4.453,9.307,65.84,73.9,50.6,92.0
Armenia,2015,4.348,9.334,66.0,72.3,55.1,90.10000000000001
Armenia,2016,4.325,9.333,66.3,70.89999999999999,61.1,92.10000000000001
Armenia,2017,4.288,9.402,66.6,69.8,61.4,86.5
Armenia,2018,5.062,9.451,66.9,81.39999999999999,80.80000000000001,67.7
Australia,2008,7.254,10.719,71.88,94.69999999999999,91.60000000000001,43.1
Australia,2010,7.45,10.722,72.2,95.5,93.2,36.6
Australia,2011,7.406,10.733,72.3,96.7,94.5,38.2
Australia,2012,7.196,10.754,72.4,94.5,93.5,36.8
Australia,2013,7.364,10.762,72.5,92.80000000000001,93.30000000000001,43.2
Australia,2014,7.289,10.772,72.6,92.4,92.30000000000001,44.2
Australia,2015,7.309,10.779,72.7,95.19999999999999,92.2,35.699999999999996
Australia,2016,7.25,10.791,73.0,94.19999999999999,92.2,39.900000000000006
Australia,2017,7.257,10.798,73.3,95.0,91.10000000000001,41.099999999999994
Australia,2018,7.177,10.811,73.6,94.0,91.60000000000001,40.5
Austria,2008,7.181,10.887,71.08,93.5,87.9,61.4
Austria,2010,7.303,10.861,71.4,91.4,89.60000000000001,54.6
Austria,2011,7.471,10.887,71.54,94.39999999999999,93.89999999999999,70.3
Austria,2012,7.401,10.889,71.68,94.5,92.0,77.10000000000001
Austria,2013,7.499,10.883,71.82,95.0,92.2,67.9
Austria,2014,6.95,10.882,71.96,89.9,88.5,56.699999999999996
Austria,2015,7.076,10.881,72.1,92.80000000000001,90.0,55.7
Austria,2016,7.048,10.891,72.4,92.60000000000001,88.9,52.400000000000006
Austria,2017,7.294,10.908,72.7,90.60000000000001,89.0,51.800000000000004
Austria,2018,7.396,10.928,73.0,91.2,90.4,52.300000000000004
Azerbaijan,2008,4.817,9.465,62.64,68.4,60.099999999999994,71.5
Azerbaijan,2009,4.574,9.534,63.02,73.6,49.8,75.4
Azerbaijan,2010,4.219,9.569,63.4,68.7,50.1,85.8
Azerbaijan,2011,4.68,9.54,63.64,72.5,53.7,79.5
Azerbaijan,2012,4.911,9.549,63.88,76.2,59.9,76.3
Azerbaijan,2013,5.481,9.592,64.12,77.0,67.2,69.89999999999999
Azerbaijan,2014,5.252,9.607,64.36,79.9,73.3,65.4
Azerbaijan,2015,5.147,9.606,64.6,78.60000000000001,76.4,61.6
Azerbaijan,2016,5.304,9.564,64.9,77.7,71.3,60.699999999999996
Azerbaijan,2017,5.152,9.555,65.2,78.7,73.1,65.3
Azerbaijan,2018,5.168,9.562,65.5,78.10000000000001,77.2,56.10000000000001
Bahrain,2009,5.701,10.709,65.94,90.4,89.60000000000001,50.6
Bahrain,2010,5.937,10.706,66.3,87.7,86.2,71.5
Bahrain,2011,4.824,10.696,66.58,90.8,87.0,58.3
Bahrain,2012,5.027,10.716,66.86,91.10000000000001,68.2,43.8
Bahrain,2013,6.69,10.757,67.14,88.4,80.9,52.5
Bahrain,2014,6.165,10.783,67.42,0.0,0.0,0.0
Bahrain,2015,6.007,10.785,67.7,85.3,85.0,0.0
Bahrain,2016,6.17,10.781,68.1,86.3,88.9,0.0
Bahrain,2017,6.227,10.771,68.5,87.6,90.60000000000001,0.0
Bangladesh,2008,5.052,7.886,59.86,46.7,60.6,80.2
Bangladesh,2009,5.083,7.924,60.28,52.800000000000004,63.1,77.60000000000001
Bangladesh,2010,4.858,7.967,60.7,54.900000000000006,65.9,77.4
Bangladesh,2011,4.986,8.018,61.12,60.6,83.8,75.7
Bangladesh,2012,4.724,8.07,61.54,58.199999999999996,66.8,76.5
Bangladesh,2013,4.66,8.116,61.96,53.0,74.2,74.3
Bangladesh,2014,4.636,8.164,62.38,57.699999999999996,73.6,78.9
Bangladesh,2015,4.633,8.216,62.8,60.099999999999994,81.5,72.1
Bangladesh,2016,4.556,8.274,63.3,64.9,87.5,68.8
Bangladesh,2017,4.31,8.334,63.8,71.3,89.60000000000001,63.5
Bangladesh,2018,4.499,8.399,64.3,70.6,90.10000000000001,70.1
Belarus,2008,5.463,9.677,61.7,90.4,64.0,69.6
Belarus,2009,5.564,9.681,62.0,90.8,67.9,67.60000000000001
Belarus,2010,5.526,9.758,62.3,91.8,70.0,70.6
Belarus,2011,5.225,9.812,62.88,91.0,65.60000000000001,67.2
Belarus,2012,5.749,9.83,63.46,90.2,64.5,65.7
Belarus,2013,5.876,9.839,64.04,92.30000000000001,72.3,65.3
Belarus,2014,5.812,9.856,64.62,88.0,64.7,68.2
Belarus,2015,5.719,9.815,65.2,92.4,62.3,66.9
Belarus,2016,5.178,9.788,65.5,92.7,65.8,66.4
Belarus,2017,5.553,9.814,65.8,90.0,62.1,65.4
Belarus,2018,5.234,9.846,66.1,90.5,64.4,71.8
Belgium,2008,7.117,10.789,70.44,92.30000000000001,88.7,65.2
Belgium,2010,6.854,10.779,70.8,93.10000000000001,80.7,69.69999999999999
Belgium,2011,7.111,10.783,70.92,93.7,88.0,71.1
Belgium,2012,6.935,10.784,71.04,92.7,85.5,75.8
Belgium,2013,7.104,10.784,71.16,90.9,89.1,57.4
Belgium,2014,6.855,10.795,71.28,94.39999999999999,86.1,51.2
Belgium,2015,6.904,10.81,71.4,88.5,86.9,46.9
Belgium,2016,6.949,10.819,71.6,92.9,86.6,49.7
Belgium,2017,6.928,10.834,71.8,92.2,85.7,54.300000000000004
Belgium,2018,6.892,10.844,72.0,93.0,80.80000000000001,63.0
Belize,2014,5.956,8.883,62.22,75.7,87.4,78.2
Benin,2008,3.667,7.915,50.9,38.2,70.89999999999999,82.5
Benin,2011,3.87,7.904,51.98,47.699999999999996,77.3,84.89999999999999
Benin,2012,3.193,7.923,52.26,52.300000000000004,76.9,80.60000000000001
Benin,2013,3.479,7.964,52.54,57.699999999999996,78.3,85.6
Benin,2014,3.347,7.998,52.82,50.6,77.60000000000001,85.5
Benin,2015,3.625,7.988,53.1,43.4,73.3,85.0
Benin,2016,4.007,7.993,53.5,49.3,78.0,83.8
Benin,2017,4.853,8.021,53.9,43.6,72.7,76.7
Benin,2018,5.82,8.059,54.3,50.4,71.3,74.7
Bhutan,2013,5.569,9.123,59.6,81.89999999999999,81.0,80.2
Bhutan,2014,4.939,9.167,59.9,88.0,83.39999999999999,65.0
Bhutan,2015,5.082,9.219,60.2,84.8,83.0,63.4
Bolivia,2008,5.298,8.756,60.0,78.5,72.6,80.10000000000001
Bolivia,2009,6.086,8.773,60.5,83.1,77.9,76.3
Bolivia,2010,5.781,8.797,61.0,80.7,70.3,78.10000000000001
Bolivia,2011,5.779,8.831,61.34,81.69999999999999,78.2,82.5
Bolivia,2012,6.019,8.865,61.68,78.10000000000001,86.2,84.0
Bolivia,2013,5.767,8.915,62.02,80.30000000000001,84.6,81.2
Bolivia,2014,5.865,8.953,62.36,82.1,88.1,83.2
Bolivia,2015,5.834,8.985,62.7,82.89999999999999,88.4,86.2
Bolivia,2016,5.77,9.012,63.0,79.60000000000001,88.2,85.3
Bolivia,2017,5.651,9.039,63.3,77.9,88.4,81.89999999999999
Bolivia,2018,5.916,9.066,63.6,82.69999999999999,86.3,78.60000000000001
Bosnia and Herzegovina,2009,4.963,9.296,66.48,73.5,25.8,95.89999999999999
Bosnia and Herzegovina,2010,4.669,9.312,66.7,77.3,36.5,93.30000000000001
Bosnia and Herzegovina,2011,4.995,9.333,66.74,72.5,33.300000000000004,92.5
Bosnia and Herzegovina,2012,4.773,9.342,66.78,77.9,42.0,95.3
Bosnia and Herzegovina,2013,5.124,9.382,66.82,76.7,39.0,97.0
Bosnia and Herzegovina,2014,5.249,9.411,66.86,78.8,41.199999999999996,97.6
Bosnia and Herzegovina,2015,5.117,9.457,66.9,65.60000000000001,63.1,96.0
Bosnia and Herzegovina,2016,5.181,9.5,67.2,80.80000000000001,63.3,95.7
Bosnia and Herzegovina,2017,5.09,9.532,67.5,77.5,56.39999999999999,92.30000000000001
Bosnia and Herzegovina,2018,5.887,9.576,67.8,83.6,65.9,91.3
Botswana,2008,5.451,9.59,49.86,83.2,85.8,80.60000000000001
Botswana,2010,3.553,9.556,52.9,86.6,82.6,81.39999999999999
Botswana,2011,3.52,9.6,53.68,86.0,81.3,81.6
Botswana,2012,4.836,9.632,54.46,83.7,79.9,81.39999999999999
Botswana,2013,4.128,9.728,55.24,85.6,76.7,74.9
Botswana,2014,4.031,9.756,56.02,85.9,79.10000000000001,74.3
Botswana,2015,3.762,9.724,56.8,81.6,85.7,86.0
Botswana,2016,3.499,9.748,57.5,76.8,85.2,72.89999999999999
Botswana,2017,3.505,9.756,58.2,76.8,81.69999999999999,73.1
Botswana,2018,3.461,9.778,58.9,79.5,81.8,80.7
Brazil,2008,6.691,9.555,64.02,87.8,78.2,68.8
Brazil,2009,7.001,9.544,64.26,91.3,76.7,72.3
Brazil,2010,6.837,9.607,64.5,90.60000000000001,80.60000000000001,65.60000000000001
Brazil,2011,7.038,9.637,64.76,91.60000000000001,83.39999999999999,66.2
Brazil,2012,6.66,9.647,65.02,89.0,84.89999999999999,62.3
Brazil,2013,7.14,9.668,65.28,91.0,78.5,70.7
Brazil,2014,6.981,9.664,65.54,89.8,71.39999999999999,71.0
Brazil,2015,6.547,9.62,65.8,90.7,79.9,77.10000000000001
Brazil,2016,6.375,9.578,66.0,91.2,80.7,78.10000000000001
Brazil,2017,6.333,9.583,66.2,90.5,76.5,79.4
Brazil,2018,6.191,9.589,66.4,88.2,75.1,76.3
Bulgaria,2010,3.912,9.765,65.7,84.3,54.50000000000001,94.1
Bulgaria,2011,3.875,9.795,65.8,86.0,66.4,94.8
Bulgaria,2012,4.222,9.804,65.9,83.8,64.1,93.8
Bulgaria,2013,3.993,9.813,66.0,82.89999999999999,60.3,96.2
Bulgaria,2014,4.438,9.838,66.1,88.6,57.599999999999994,95.5
Bulgaria,2015,4.865,9.883,66.2,90.8,63.7,94.1
Bulgaria,2016,4.838,9.928,66.4,92.60000000000001,70.0,93.60000000000001
Bulgaria,2017,5.097,9.969,66.6,94.19999999999999,68.89999999999999,91.10000000000001
Bulgaria,2018,5.099,10.007,66.8,92.4,72.39999999999999,95.19999999999999
Burkina Faso,2008,3.846,7.403,48.18,72.7,61.199999999999996,88.7
Burkina Faso,2010,4.036,7.453,49.7,77.3,58.699999999999996,76.7
Burkina Faso,2011,4.785,7.487,50.24,71.0,72.5,70.7
Burkina Faso,2012,3.955,7.52,50.78,74.4,62.2,72.6
Burkina Faso,2013,3.326,7.546,51.32,74.5,74.1,76.5
Burkina Faso,2014,3.481,7.559,51.86,74.2,71.0,80.10000000000001
Burkina Faso,2015,4.419,7.568,52.4,70.5,65.9,69.3
Burkina Faso,2016,4.206,7.596,52.9,76.4,64.5,72.1
Burkina Faso,2017,4.647,7.627,53.4,78.5,61.4,72.7
Burkina Faso,2018,4.927,7.665,53.9,66.5,72.1,75.7
Burundi,2008,3.563,6.719,49.02,29.099999999999998,26.0,86.0
Burundi,2009,3.792,6.723,49.66,32.6,42.699999999999996,71.8
Burundi,2011,3.706,6.748,50.68,42.199999999999996,49.0,67.7
Burundi,2014,2.905,6.787,51.82,56.49999999999999,43.1,80.80000000000001
Burundi,2018,3.775,6.635,53.4,48.5,64.60000000000001,59.9
Cambodia,2008,4.462,7.879,56.9,61.9,91.4,88.8
Cambodia,2009,4.111,7.865,57.7,81.8,93.7,96.5
Cambodia,2010,4.141,7.907,58.5,69.69999999999999,94.0,89.60000000000001
Cambodia,2011,4.161,7.96,58.88,71.6,92.7,77.5
Cambodia,2012,3.899,8.014,59.26,60.6,95.6,89.0
Cambodia,2013,3.674,8.068,59.64,65.10000000000001,94.1,81.2
Cambodia,2014,3.883,8.121,60.02,69.3,93.8,84.3
Cambodia,2015,4.162,8.173,60.4,72.89999999999999,95.6,82.5
Cambodia,2016,4.461,8.225,60.8,74.6,95.8,84.0
Cambodia,2017,4.586,8.276,61.2,76.5,96.39999999999999,82.1
Cambodia,2018,5.122,8.333,61.6,79.5,95.8,0.0
Cameroon,2008,4.292,8.034,47.14,69.69999999999999,57.99999999999999,94.5
Cameroon,2009,4.741,8.029,47.72,72.89999999999999,69.8,92.5
Cameroon,2010,4.554,8.035,48.3,75.9,79.2,87.5
Cameroon,2011,4.434,8.048,48.7,73.8,81.69999999999999,87.0
Cameroon,2012,4.245,8.065,49.1,74.3,76.6,89.8
Cameroon,2013,4.271,8.09,49.5,76.0,79.4,86.7
Cameroon,2014,4.24,8.12,49.9,77.8,79.5,85.6
Cameroon,2015,5.038,8.149,50.3,64.60000000000001,79.10000000000001,86.8
Cameroon,2016,4.816,8.167,51.1,65.9,71.3,87.9
Cameroon,2017,5.074,8.176,51.9,69.5,76.7,84.39999999999999
Cameroon,2018,5.251,8.19,52.7,67.7,81.6,88.4
Canada,2008,7.486,10.738,71.84,93.89999999999999,92.60000000000001,37.0
Canada,2009,7.488,10.697,72.02,94.3,91.5,41.3
Canada,2010,7.65,10.717,72.2,95.39999999999999,93.4,41.3
Canada,2011,7.426,10.738,72.36,92.2,95.1,43.3
Canada,2012,7.415,10.744,72.52,94.8,91.8,46.6
Canada,2013,7.594,10.757,72.68,93.60000000000001,91.60000000000001,40.6
Canada,2014,7.304,10.775,72.84,91.8,93.89999999999999,44.2
Canada,2015,7.413,10.774,73.0,93.89999999999999,93.10000000000001,42.699999999999996
Canada,2016,7.245,10.773,73.2,92.4,91.2,38.5
Canada,2017,7.415,10.792,73.4,93.4,94.5,36.199999999999996
Canada,2018,7.175,10.798,73.6,92.30000000000001,94.6,37.2
Central African Republic,2010,3.568,7.091,42.7,48.3,69.0,84.5
Central African Republic,2011,3.678,7.125,43.08,38.7,78.0,83.39999999999999
Central African Republic,2016,2.693,6.785,44.9,28.999999999999996,62.4,85.9
Central African Republic,2017,3.476,6.817,45.2,32.0,64.5,89.0
Chad,2008,4.632,7.356,44.14,57.099999999999994,52.7,94.39999999999999
Chad,2009,3.639,7.364,44.62,64.60000000000001,40.1,93.10000000000001
Chad,2010,3.743,7.457,45.1,73.4,50.5,85.8
Chad,2011,4.393,7.425,45.42,81.89999999999999,54.0,87.6
Chad,2012,4.033,7.476,45.74,67.30000000000001,56.3,88.4
Chad,2013,3.508,7.498,46.06,71.39999999999999,48.8,88.2
Chad,2014,3.46,7.532,46.38,73.3,56.699999999999996,88.1
Chad,2015,4.323,7.527,46.7,75.1,47.4,88.9
Chad,2016,4.029,7.431,47.2,61.6,52.5,82.0
Chad,2017,4.559,7.37,47.7,66.10000000000001,61.5,79.2
Chad,2018,4.486,7.363,48.2,57.699999999999996,65.0,76.3
Chile,2008,5.789,9.911,68.78,80.4,64.0,74.1
Chile,2009,6.494,9.885,68.84,83.2,74.7,73.4
Chile,2010,6.636,9.931,68.9,85.7,78.60000000000001,70.19999999999999
Chile,2011,6.526,9.98,69.04,81.89999999999999,70.1,75.3
Chile,2012,6.599,10.023,69.18,85.5,73.4,78.2
Chile,2013,6.74,10.053,69.32,86.2,73.7,74.1
Chile,2014,6.844,10.059,69.46,86.2,73.3,75.8
Chile,2015,6.533,10.07,69.6,82.69999999999999,76.9,81.2
Chile,2016,6.579,10.074,69.7,84.1,65.2,85.8
Chile,2017,6.32,10.072,69.8,88.0,79.0,83.6
Chile,2018,6.436,10.097,69.9,89.0,78.9,81.6
China,2008,4.846,8.911,67.24,74.8,85.3,0.0
China,2009,4.454,8.996,67.42,79.80000000000001,77.10000000000001,0.0
China,2010,4.653,9.092,67.6,76.8,80.5,0.0
China,2011,5.037,9.179,67.76,78.7,82.39999999999999,0.0
China,2012,5.095,9.249,67.92,78.8,80.80000000000001,0.0
China,2013,5.241,9.319,68.08,77.8,80.5,0.0
China,2014,5.196,9.386,68.24,82.0,0.0,0.0
China,2015,5.304,9.449,68.4,79.4,0.0,0.0
China,2016,5.325,9.51,68.7,74.2,0.0,0.0
China,2017,5.099,9.571,69.0,77.2,87.8,0.0
China,2018,5.131,9.632,69.3,78.8,89.5,0.0
Colombia,2008,6.168,9.351,65.46,88.0,79.5,76.3
Colombia,2009,6.272,9.351,65.58,88.6,75.7,83.7
Colombia,2010,6.408,9.384,65.7,89.3,81.6,81.5
Colombia,2011,6.464,9.442,65.92,90.4,81.10000000000001,84.7
Colombia,2012,6.375,9.471,66.14,91.4,82.8,86.8
Colombia,2013,6.607,9.512,66.36,90.10000000000001,84.1,89.8
Colombia,2014,6.449,9.546,66.58,90.7,80.10000000000001,88.7
Colombia,2015,6.388,9.564,66.8,89.0,79.10000000000001,84.3
Colombia,2016,6.234,9.571,67.1,88.2,83.5,89.8
Colombia,2017,6.157,9.569,67.4,90.9,83.8,87.5
Colombia,2018,5.984,9.579,67.7,87.1,85.1,85.5
Comoros,2009,3.476,7.952,54.36,62.9,50.8,83.8
Comoros,2010,3.812,7.965,54.7,72.1,52.900000000000006,74.1
Comoros,2011,3.838,7.981,55.02,72.2,50.0,73.2
Comoros,2012,3.956,7.988,55.34,71.89999999999999,53.400000000000006,65.10000000000001
Comoros,2018,3.973,8.028,57.2,62.1,56.00000000000001,79.4
Congo (Brazzaville),2008,3.82,8.082,52.2,55.50000000000001,52.6,0.0
Congo (Brazzaville),2011,4.51,8.18,54.58,63.7,74.5,83.3
Congo (Brazzaville),2012,3.919,8.192,54.96,62.2,77.3,80.0
Congo (Brazzaville),2013,3.955,8.201,55.34,68.0,72.6,75.2
Congo (Brazzaville),2014,4.056,8.242,55.72,68.60000000000001,66.2,80.80000000000001
Congo (Brazzaville),2015,4.691,8.243,56.1,64.2,85.0,84.1
Congo (Brazzaville),2016,4.119,8.19,56.7,61.5,78.60000000000001,79.0
Congo (Brazzaville),2017,4.884,8.146,57.3,65.5,77.8,76.3
Congo (Brazzaville),2018,5.49,8.136,57.9,62.1,69.89999999999999,73.8
Congo (Kinshasa),2009,3.984,6.728,49.34,73.3,55.60000000000001,82.39999999999999
Congo (Kinshasa),2011,4.517,6.797,50.34,74.4,63.1,85.6
Congo (Kinshasa),2012,4.639,6.832,50.78,77.0,55.7,80.7
Congo (Kinshasa),2013,4.497,6.88,51.22,83.0,48.0,91.3
Congo (Kinshasa),2014,4.414,6.937,51.66,82.19999999999999,55.60000000000001,81.39999999999999
Congo (Kinshasa),2015,3.903,6.971,52.1,76.7,57.4,86.6
Congo (Kinshasa),2016,4.522,6.962,52.5,86.4,63.7,87.5
Congo (Kinshasa),2017,4.311,6.966,52.9,67.0,70.39999999999999,80.9
Costa Rica,2008,6.851,9.662,69.82,91.60000000000001,91.2,81.6
Costa Rica,2009,7.615,9.639,69.76,90.0,88.6,78.7
Costa Rica,2010,7.271,9.675,69.7,91.5,88.1,76.3
Costa Rica,2011,7.229,9.705,69.9,89.2,92.60000000000001,83.7
Costa Rica,2012,7.272,9.74,70.1,90.2,92.9,79.4
Costa Rica,2013,7.158,9.751,70.3,90.2,89.8,81.3
Costa Rica,2014,7.247,9.775,70.5,91.4,92.7,78.8
Costa Rica,2015,6.854,9.799,70.7,87.8,90.7,76.1
Costa Rica,2016,7.136,9.83,70.9,90.10000000000001,87.3,78.10000000000001
Costa Rica,2017,7.225,9.858,71.1,92.2,93.60000000000001,74.2
Costa Rica,2018,7.141,9.874,71.3,87.6,94.19999999999999,78.10000000000001
Croatia,2009,5.433,10.104,67.64,86.1,54.900000000000006,95.8
Croatia,2010,5.596,10.091,67.9,79.60000000000001,56.39999999999999,97.3
Croatia,2011,5.385,10.091,68.0,79.0,51.7,97.7
Croatia,2012,6.028,10.072,68.1,77.60000000000001,54.2,92.4
Croatia,2013,5.885,10.069,68.2,75.1,62.7,93.60000000000001
Croatia,2014,5.381,10.072,68.3,64.60000000000001,51.9,91.8
Croatia,2015,5.205,10.104,68.4,76.8,69.39999999999999,84.89999999999999
Croatia,2016,5.417,10.146,69.0,79.80000000000001,67.2,88.4
Croatia,2017,5.343,10.189,69.6,77.0,71.6,89.2
Croatia,2018,5.536,10.224,70.2,91.0,69.1,92.5
Cyprus,2009,6.833,10.558,72.16,81.2,77.5,80.10000000000001
Cyprus,2010,6.387,10.551,72.4,82.19999999999999,75.5,83.3
Cyprus,2011,6.69,10.53,72.54,84.39999999999999,74.5,84.1
Cyprus,2012,6.181,10.479,72.68,76.7,72.5,87.1
Cyprus,2013,5.439,10.414,72.82,74.4,65.60000000000001,86.7
Cyprus,2014,5.627,10.406,72.96,77.0,71.5,86.8
Cyprus,2015,5.439,10.445,73.1,77.0,62.8,89.3
Cyprus,2016,5.795,10.506,73.3,78.60000000000001,75.6,89.8
Cyprus,2017,6.062,10.539,73.5,81.89999999999999,81.2,85.1
Cyprus,2018,6.276,10.567,73.7,82.6,79.4,84.8
Czech Republic,2010,6.25,10.419,68.1,93.4,77.9,92.60000000000001
Czech Republic,2011,6.331,10.435,68.24,91.4,78.7,95.0
Czech Republic,2012,6.334,10.426,68.38,91.2,74.0,95.7
Czech Republic,2013,6.698,10.42,68.52,88.8,72.6,91.60000000000001
Czech Republic,2014,6.484,10.446,68.66,87.8,80.0,89.7
Czech Republic,2015,6.608,10.496,68.8,91.10000000000001,80.80000000000001,88.6
Czech Republic,2016,6.736,10.518,69.3,93.10000000000001,85.0,90.0
Czech Republic,2017,6.79,10.558,69.8,90.10000000000001,83.2,86.7
Czech Republic,2018,7.034,10.583,70.3,92.9,79.0,85.1
Denmark,2008,7.971,10.88,70.08,95.39999999999999,97.0,24.8
Denmark,2009,7.683,10.824,70.24,93.89999999999999,94.89999999999999,20.599999999999998
Denmark,2010,7.771,10.839,70.4,97.5,94.39999999999999,17.5
Denmark,2011,7.788,10.848,70.62,96.2,93.5,22.0
Denmark,2012,7.52,10.846,70.84,95.1,93.30000000000001,18.7
Denmark,2013,7.589,10.851,71.06,96.5,92.0,17.0
Denmark,2014,7.508,10.862,71.28,95.6,94.19999999999999,23.7
Denmark,2015,7.514,10.878,71.5,96.0,94.1,19.1
Denmark,2016,7.558,10.903,71.8,95.39999999999999,94.8,21.0
Denmark,2017,7.594,10.916,72.1,95.19999999999999,95.5,18.099999999999998
Denmark,2018,7.649,10.935,72.4,95.8,93.5,15.1
Djibouti,2008,5.009,8.111,53.26,69.0,77.3,57.599999999999994
Djibouti,2009,4.906,7.927,53.78,90.10000000000001,64.9,63.4
Djibouti,2010,5.006,7.812,54.3,0.0,76.4,59.699999999999996
Djibouti,2011,4.369,7.88,54.7,63.3,74.6,51.9
Dominican Republic,2008,4.842,9.391,63.24,85.0,84.8,72.8
Dominican Republic,2009,5.432,9.388,63.52,87.8,86.3,80.60000000000001
Dominican Republic,2010,4.735,9.456,63.8,86.0,82.39999999999999,78.0
Dominican Republic,2011,5.397,9.475,64.02,87.2,84.8,78.8
Dominican Republic,2012,4.753,9.489,64.24,87.9,84.0,72.7
Dominican Republic,2013,5.016,9.525,64.46,87.8,88.9,75.2
Dominican Republic,2014,5.387,9.582,64.68,89.1,90.5,76.0
Dominican Republic,2015,5.062,9.637,64.9,89.3,85.6,75.5
Dominican Republic,2016,5.239,9.691,65.2,89.5,87.3,73.7
Dominican Republic,2017,5.605,9.725,65.5,89.4,85.5,76.0
Dominican Republic,2018,5.433,9.782,65.8,86.2,86.7,76.2
Ecuador,2008,5.297,9.236,66.44,82.89999999999999,64.0,80.10000000000001
Ecuador,2009,6.022,9.225,66.62,77.9,73.7,77.4
Ecuador,2010,5.838,9.244,66.8,83.89999999999999,72.3,80.60000000000001
Ecuador,2011,5.795,9.304,66.96,81.8,78.8,70.19999999999999
Ecuador,2012,5.961,9.344,67.12,78.5,82.5,73.0
Ecuador,2013,6.019,9.377,67.28,80.10000000000001,78.7,64.60000000000001
Ecuador,2014,5.946,9.399,67.44,83.1,71.89999999999999,66.10000000000001
Ecuador,2015,5.964,9.384,67.6,85.6,80.10000000000001,66.60000000000001
Ecuador,2016,6.115,9.355,67.9,84.2,84.6,77.4
Ecuador,2017,5.84,9.36,68.2,84.89999999999999,87.9,73.4
Ecuador,2018,6.128,9.355,68.5,85.1,86.9,83.1
Egypt,2008,4.632,9.186,59.88,73.8,0.0,91.4
Egypt,2009,5.066,9.213,59.94,74.4,61.1,80.10000000000001
Egypt,2010,4.669,9.244,60.0,76.9,48.6,82.6
Egypt,2011,4.174,9.24,60.16,75.3,59.0,85.9
Egypt,2012,4.204,9.24,60.32,73.7,45.2,88.0
Egypt,2013,3.559,9.239,60.48,67.5,47.4,91.3
Egypt,2014,4.885,9.245,60.64,61.9,57.8,74.9
Egypt,2015,4.763,9.266,60.8,73.0,65.9,68.4
Egypt,2016,4.557,9.287,61.1,80.9,65.60000000000001,81.8
Egypt,2017,3.929,9.307,61.4,63.800000000000004,59.3,0.0
Egypt,2018,4.005,9.338,61.7,75.9,68.2,0.0
El Salvador,2008,5.191,8.908,63.56,74.7,63.6,73.5
El Salvador,2009,6.839,8.883,63.88,73.4,67.10000000000001,64.8
El Salvador,2010,6.74,8.9,64.2,75.7,66.9,69.39999999999999
El Salvador,2011,4.741,8.933,64.4,73.1,74.7,70.7
El Salvador,2012,5.934,8.956,64.6,80.60000000000001,68.30000000000001,78.60000000000001
El Salvador,2013,6.325,8.974,64.8,82.69999999999999,71.6,77.2
El Salvador,2014,5.857,8.986,65.0,79.80000000000001,77.8,78.10000000000001
El Salvador,2015,6.018,9.005,65.2,79.10000000000001,73.3,80.5
El Salvador,2016,6.14,9.025,65.5,79.4,80.0,79.7
El Salvador,2017,6.339,9.042,65.8,82.89999999999999,75.8,77.8
El Salvador,2018,6.241,9.061,66.1,82.0,86.3,80.10000000000001
Estonia,2008,5.452,10.298,65.78,90.4,64.2,66.3
Estonia,2009,5.138,10.144,66.24,87.4,61.1,79.3
Estonia,2011,5.487,10.248,66.96,90.9,73.5,68.7
Estonia,2012,5.364,10.282,67.22,88.9,69.69999999999999,79.3
Estonia,2013,5.367,10.299,67.48,90.10000000000001,75.4,72.6
Estonia,2014,5.556,10.331,67.74,91.7,77.3,65.2
Estonia,2015,5.629,10.348,68.0,91.8,81.5,56.89999999999999
Estonia,2016,5.65,10.374,68.2,93.8,84.3,63.9
Estonia,2017,5.938,10.429,68.4,93.60000000000001,86.2,66.8
Estonia,2018,6.091,10.472,68.6,93.30000000000001,88.6,62.1
Ethiopia,2012,4.561,7.271,55.2,65.9,77.60000000000001,0.0
Ethiopia,2013,4.445,7.343,55.8,60.199999999999996,70.7,75.0
Ethiopia,2014,4.507,7.413,56.4,64.0,69.39999999999999,70.19999999999999
Ethiopia,2015,4.573,7.484,57.0,62.6,80.30000000000001,56.699999999999996
Ethiopia,2016,4.298,7.547,57.5,71.89999999999999,74.4,70.3
Ethiopia,2017,4.18,7.612,58.0,73.4,71.7,75.7
Ethiopia,2018,4.379,7.651,58.5,74.0,74.0,79.9
Finland,2008,7.671,10.796,70.08,95.1,93.4,21.7
Finland,2010,7.393,10.734,70.4,93.5,91.60000000000001,41.3
Finland,2011,7.354,10.754,70.64,93.8,93.60000000000001,32.0
Finland,2012,7.42,10.735,70.88,92.80000000000001,92.10000000000001,36.1
Finland,2013,7.445,10.722,71.12,94.1,91.9,30.599999999999998
Finland,2014,7.385,10.714,71.36,95.19999999999999,93.30000000000001,26.5
Finland,2015,7.448,10.716,71.6,94.8,93.0,22.3
Finland,2016,7.66,10.74,71.7,95.39999999999999,94.8,25.0
Finland,2017,7.788,10.768,71.8,96.39999999999999,96.2,19.2
Finland,2018,7.858,10.783,71.9,96.2,93.8,19.900000000000002
France,2008,7.008,10.674,71.84,93.5,83.3,66.9
France,2009,6.283,10.639,72.02,91.8,79.80000000000001,65.4
France,2010,6.798,10.654,72.2,94.3,85.0,62.3
France,2011,6.959,10.671,72.4,92.10000000000001,90.3,62.7
France,2012,6.649,10.669,72.6,93.7,84.1,60.8
France,2013,6.667,10.669,72.8,90.8,87.8,69.89999999999999
France,2014,6.467,10.674,73.0,87.8,80.30000000000001,65.60000000000001
France,2015,6.358,10.682,73.2,89.60000000000001,81.69999999999999,64.1
France,2016,6.475,10.69,73.4,88.5,78.7,62.3
France,2017,6.635,10.711,73.6,93.10000000000001,83.39999999999999,60.099999999999994
France,2018,6.666,10.727,73.8,92.10000000000001,81.6,58.199999999999996
Gabon,2011,4.255,9.608,55.48,65.3,77.2,85.1
Gabon,2012,3.972,9.621,56.16,73.6,56.599999999999994,81.0
Gabon,2013,3.8,9.638,56.84,73.3,68.2,78.0
Gabon,2014,3.918,9.644,57.52,82.89999999999999,60.699999999999996,78.2
Gabon,2015,4.661,9.649,58.2,75.6,67.10000000000001,86.7
Gabon,2016,4.832,9.639,58.7,78.0,69.89999999999999,81.69999999999999
Gabon,2017,4.782,9.616,59.2,80.7,65.2,86.8
Gabon,2018,4.783,9.599,59.7,78.5,71.89999999999999,82.3
Gambia,2017,4.118,7.637,54.7,69.69999999999999,81.2,57.199999999999996
Gambia,2018,4.922,7.671,55.0,68.5,71.89999999999999,69.1
Georgia,2008,4.156,9.144,64.96,60.8,61.4,49.8
Georgia,2009,3.801,9.116,64.88,54.400000000000006,49.5,53.5
Georgia,2010,4.102,9.184,64.8,54.0,55.800000000000004,46.0
Georgia,2011,4.203,9.263,64.86,50.3,63.2,35.3
Georgia,2012,4.254,9.332,64.92,53.300000000000004,65.9,32.1
Georgia,2013,4.349,9.371,64.98,55.900000000000006,72.2,34.9
Georgia,2014,4.288,9.414,65.04,55.800000000000004,72.0,41.6
Georgia,2015,4.122,9.442,65.1,51.7,64.0,50.2
Georgia,2016,4.448,9.47,64.9,53.300000000000004,60.6,56.10000000000001
Georgia,2017,4.451,9.517,64.7,59.0,82.1,59.0
Georgia,2018,4.659,9.565,64.5,61.7,77.5,75.5
Germany,2008,6.522,10.77,70.62,92.30000000000001,76.6,75.8
Germany,2009,6.641,10.714,70.76,93.5,84.39999999999999,69.0
Germany,2010,6.725,10.756,70.9,93.89999999999999,84.3,68.8
Germany,2011,6.621,10.813,70.98,94.69999999999999,90.60000000000001,67.7
Germany,2012,6.702,10.816,71.06,92.60000000000001,90.4,67.9
Germany,2013,6.965,10.817,71.14,93.10000000000001,89.4,56.599999999999994
Germany,2014,6.984,10.835,71.22,93.8,89.9,47.4
Germany,2015,7.037,10.844,71.3,92.60000000000001,88.9,41.199999999999996
Germany,2016,6.874,10.858,71.6,90.60000000000001,87.1,44.6
Germany,2017,7.074,10.878,71.9,89.2,84.1,41.4
Germany,2018,7.118,10.89,72.2,92.0,87.7,49.6
Ghana,2008,4.965,8.152,53.22,62.2,83.8,86.3
Ghana,2009,4.198,8.174,53.66,63.3,75.7,89.0
Ghana,2010,4.606,8.225,54.1,73.9,89.1,87.5
Ghana,2011,5.608,8.332,54.48,72.39999999999999,85.2,79.0
Ghana,2012,5.057,8.397,54.86,68.5,67.9,89.8
Ghana,2013,4.965,8.445,55.24,67.60000000000001,79.4,88.0
Ghana,2014,3.86,8.45,55.62,65.10000000000001,67.7,91.3
Ghana,2015,3.986,8.449,56.0,68.7,85.2,94.5
Ghana,2016,4.514,8.46,56.4,64.7,75.1,89.4
Ghana,2017,5.481,8.517,56.8,66.9,78.3,83.89999999999999
Ghana,2018,5.004,8.555,57.2,76.1,81.69999999999999,84.6
Greece,2009,6.039,10.491,71.3,79.3,44.3,95.89999999999999
Greece,2010,5.84,10.433,71.5,86.8,48.4,95.39999999999999
Greece,2011,5.372,10.339,71.56,85.2,52.800000000000004,94.1
Greece,2012,5.096,10.268,71.62,81.2,37.3,95.89999999999999
Greece,2013,4.72,10.243,71.68,68.7,42.6,94.1
Greece,2014,4.756,10.257,71.74,83.2,36.9,93.0
Greece,2015,5.623,10.259,71.8,83.5,53.2,82.39999999999999
Greece,2016,5.303,10.261,72.0,80.30000000000001,48.199999999999996,89.8
Greece,2017,5.148,10.278,72.2,75.3,43.8,87.2
Greece,2018,5.409,10.299,72.4,79.4,56.39999999999999,86.0
Guatemala,2008,6.414,8.904,61.42,86.6,63.0,79.60000000000001
Guatemala,2009,6.452,8.891,61.76,83.39999999999999,64.3,75.5
Guatemala,2010,6.29,8.901,62.1,85.9,69.6,79.5
Guatemala,2011,5.743,8.923,62.46,76.8,76.3,86.3
Guatemala,2012,5.856,8.935,62.82,80.2,86.5,82.1
Guatemala,2013,5.985,8.953,63.18,83.0,88.4,81.69999999999999
Guatemala,2014,6.536,8.98,63.54,83.39999999999999,84.3,80.4
Guatemala,2015,6.465,9.003,63.9,82.3,86.9,82.19999999999999
Guatemala,2016,6.359,9.013,64.2,81.10000000000001,86.3,81.2
Guatemala,2017,6.325,9.026,64.5,82.6,91.5,80.0
Guatemala,2018,6.627,9.042,64.8,84.1,91.0,76.5
Guinea,2011,4.045,7.567,50.22,59.8,79.7,74.3
Guinea,2012,3.652,7.603,50.44,54.2,64.60000000000001,79.4
Guinea,2013,3.902,7.619,50.66,56.699999999999996,69.3,81.5
Guinea,2014,3.412,7.632,50.88,63.800000000000004,68.4,70.5
Guinea,2015,3.505,7.645,51.1,57.9,66.60000000000001,76.2
Guinea,2016,3.603,7.721,52.2,67.5,72.6,80.30000000000001
Guinea,2017,4.874,7.792,53.3,63.4,73.8,75.0
Guinea,2018,5.252,7.823,54.4,63.0,73.1,77.8
Haiti,2008,3.846,7.417,40.38,67.9,46.5,81.2
Haiti,2010,3.766,7.384,32.3,55.400000000000006,37.3,84.8
Haiti,2011,4.845,7.423,36.86,56.699999999999996,41.3,68.2
Haiti,2012,4.413,7.437,41.42,74.9,48.199999999999996,71.7
Haiti,2013,4.622,7.464,45.98,64.8,61.0,66.9
Haiti,2014,3.889,7.477,50.54,55.400000000000006,50.9,70.8
Haiti,2015,3.57,7.476,55.1,56.39999999999999,39.800000000000004,77.7
Haiti,2016,3.352,7.477,55.3,58.4,30.4,83.89999999999999
Haiti,2017,3.824,7.475,55.5,64.7,48.4,64.7
Haiti,2018,3.615,7.477,55.7,53.800000000000004,59.099999999999994,72.0
Honduras,2008,5.42,8.52,65.02,82.8,68.7,86.3
Honduras,2009,6.033,8.474,65.26,82.39999999999999,66.10000000000001,85.7
Honduras,2010,5.866,8.49,65.5,80.30000000000001,64.60000000000001,82.0
Honduras,2011,4.961,8.508,65.72,76.6,78.3,88.4
Honduras,2012,4.602,8.53,65.94,77.9,70.0,87.1
Honduras,2013,4.713,8.54,66.16,79.2,69.8,86.8
Honduras,2014,5.056,8.552,66.38,79.0,69.6,83.39999999999999
Honduras,2015,4.845,8.572,66.6,77.2,53.400000000000006,84.8
Honduras,2016,5.648,8.593,66.8,77.4,85.0,79.3
Honduras,2017,6.02,8.624,67.0,84.3,89.8,78.3
Honduras,2018,5.908,8.643,67.2,82.69999999999999,87.2,80.4
Hungary,2009,4.895,10.097,65.4,90.10000000000001,46.400000000000006,91.5
Hungary,2010,4.725,10.106,65.6,89.60000000000001,51.4,98.3
Hungary,2011,4.918,10.127,65.76,89.4,63.1,94.0
Hungary,2012,4.683,10.117,65.92,90.60000000000001,56.89999999999999,93.0
Hungary,2013,4.914,10.14,66.08,87.7,67.4,91.2
Hungary,2014,5.181,10.183,66.24,84.5,49.4,85.5
Hungary,2015,5.344,10.223,66.4,85.9,55.800000000000004,90.8
Hungary,2016,5.449,10.248,66.8,90.0,55.400000000000006,92.4
Hungary,2017,6.065,10.293,67.2,87.7,66.10000000000001,88.6
Hungary,2018,5.936,10.344,67.6,94.1,69.3,91.10000000000001
Iceland,2008,6.888,10.861,72.32,97.7,88.5,70.8
Iceland,2012,7.591,10.777,72.76,97.89999999999999,90.5,75.9
Iceland,2013,7.501,10.809,72.84,96.7,92.30000000000001,71.3
Iceland,2015,7.498,10.854,73.0,98.0,94.0,63.9
Iceland,2016,7.51,10.904,73.0,98.5,95.19999999999999,71.89999999999999
Iceland,2017,7.476,10.925,73.0,96.7,93.89999999999999,72.7
India,2008,5.146,8.22,56.56,68.4,75.6,89.1
India,2009,4.522,8.281,56.98,65.3,67.9,89.5
India,2010,4.989,8.349,57.4,60.5,78.3,86.3
India,2011,4.635,8.387,57.7,55.300000000000004,83.8,90.8
India,2012,4.72,8.428,58.0,51.1,60.9,83.0
India,2013,4.428,8.478,58.3,55.300000000000004,74.0,83.2
India,2014,4.424,8.538,58.6,62.1,80.9,83.2
India,2015,4.342,8.604,58.9,61.0,77.7,77.60000000000001
India,2016,4.179,8.673,59.3,61.4,82.0,76.5
India,2017,4.046,8.73,59.7,60.699999999999996,88.6,78.10000000000001
India,2018,3.818,8.779,60.1,63.800000000000004,89.0,80.5
Indonesia,2008,4.815,8.943,60.12,67.5,59.599999999999994,96.8
Indonesia,2009,5.472,8.975,60.26,77.9,78.4,91.10000000000001
Indonesia,2010,5.457,9.022,60.4,81.6,70.0,95.39999999999999
Indonesia,2011,5.173,9.069,60.62,82.5,87.8,96.2
Indonesia,2012,5.368,9.114,60.84,83.39999999999999,77.0,96.2
Indonesia,2013,5.292,9.155,61.06,79.4,78.10000000000001,97.3
Indonesia,2014,5.597,9.19,61.28,90.5,71.89999999999999,97.0
Indonesia,2015,5.043,9.225,61.5,80.9,77.9,94.6
Indonesia,2016,5.136,9.262,61.7,79.2,83.0,89.0
Indonesia,2017,5.098,9.3,61.9,79.60000000000001,86.5,90.0
Indonesia,2018,5.34,9.339,62.1,80.9,87.9,86.8
Iran,2008,5.129,9.489,63.14,63.3,60.099999999999994,86.8
Iran,2011,4.768,9.547,64.14,58.199999999999996,79.80000000000001,66.5
Iran,2012,4.609,9.458,64.38,60.0,76.4,67.80000000000001
Iran,2013,5.14,9.443,64.62,66.4,73.0,68.5
Iran,2014,4.682,9.476,64.86,64.4,76.7,64.0
Iran,2015,4.75,9.449,65.1,57.199999999999996,78.0,69.89999999999999
Iran,2016,4.653,9.561,65.4,56.599999999999994,77.3,71.3
Iran,2017,4.717,9.584,65.7,71.39999999999999,73.1,71.5
Iran,2018,4.278,0.0,66.0,67.4,60.3,70.3
Iraq,2008,4.59,9.063,58.32,74.4,38.6,91.0
Iraq,2009,4.775,9.076,58.96,86.2,43.1,85.39999999999999
Iraq,2010,5.065,9.112,59.6,85.39999999999999,41.9,85.9
Iraq,2011,4.725,9.152,59.36,75.1,34.699999999999996,78.0
Iraq,2012,4.66,9.246,59.12,73.0,31.5,78.9
Iraq,2013,4.725,9.28,58.88,72.8,0.0,71.0
Iraq,2014,4.542,9.25,58.64,72.5,64.60000000000001,72.6
Iraq,2015,4.493,9.241,58.4,68.4,59.9,76.2
Iraq,2016,4.413,9.354,59.0,71.89999999999999,66.60000000000001,79.9
Iraq,2017,4.462,9.303,59.6,69.5,62.8,75.7
Iraq,2018,4.886,9.274,60.2,76.4,59.8,88.7
Ireland,2008,7.568,10.929,70.82,98.3,89.4,48.699999999999996
Ireland,2009,7.046,10.866,71.16,95.89999999999999,83.5,57.99999999999999
Ireland,2010,7.257,10.879,71.5,97.3,85.6,61.8
Ireland,2011,7.007,10.878,71.6,97.7,95.19999999999999,59.0
Ireland,2012,6.965,10.876,71.7,96.2,90.2,57.3
Ireland,2013,6.76,10.884,71.8,95.5,88.4,55.800000000000004
Ireland,2014,7.018,10.959,71.9,96.8,92.2,40.6
Ireland,2015,6.83,11.174,72.0,95.3,89.2,40.9
Ireland,2016,7.041,11.199,72.1,95.8,87.5,39.900000000000006
Ireland,2017,7.06,11.266,72.2,94.3,90.5,33.7
Ireland,2018,6.962,11.332,72.3,93.8,86.1,36.199999999999996
Israel,2008,7.261,10.44,71.76,85.9,66.3,89.8
Israel,2009,7.353,10.425,72.08,93.7,59.3,92.30000000000001
Israel,2010,7.359,10.461,72.4,88.2,56.10000000000001,90.2
Israel,2011,7.433,10.489,72.46,89.3,72.2,89.1
Israel,2012,7.111,10.493,72.52,90.3,68.10000000000001,86.2
Israel,2013,7.321,10.515,72.58,90.9,73.9,84.89999999999999
Israel,2014,7.401,10.533,72.64,88.9,70.7,81.8
Israel,2015,7.079,10.536,72.7,86.4,75.3,78.9
Israel,2016,7.159,10.555,72.9,89.0,77.2,80.4
Israel,2017,7.331,10.57,73.1,91.60000000000001,76.8,79.3
Israel,2018,6.927,10.585,73.3,91.0,72.5,77.0
Italy,2008,6.78,10.711,72.44,88.0,54.300000000000004,94.6
Italy,2009,6.334,10.652,72.62,88.0,70.1,89.0
Italy,2010,6.354,10.666,72.8,87.2,73.8,92.10000000000001
Italy,2011,6.057,10.671,72.84,91.3,56.8,93.30000000000001
Italy,2012,5.839,10.638,72.88,86.9,56.99999999999999,90.8
Italy,2013,6.009,10.608,72.92,91.60000000000001,49.9,94.3
Italy,2014,6.027,10.599,72.96,89.8,62.4,92.0
Italy,2015,5.848,10.608,73.0,90.9,57.49999999999999,91.3
Italy,2016,5.955,10.622,73.2,92.7,62.4,90.3
Italy,2017,6.199,10.64,73.4,92.0,63.3,86.7
Italy,2018,6.517,10.65,73.6,91.3,65.0,88.8
Ivory Coast,2009,4.197,8.209,45.78,66.7,76.0,90.2
Ivory Coast,2013,3.739,8.274,47.1,70.89999999999999,73.9,69.1
Ivory Coast,2014,3.57,8.334,47.4,71.1,78.10000000000001,67.10000000000001
Ivory Coast,2015,4.445,8.393,47.7,70.39999999999999,80.0,74.4
Ivory Coast,2016,4.543,8.437,48.3,61.7,76.9,75.7
Ivory Coast,2017,5.038,8.483,48.9,66.10000000000001,73.2,77.10000000000001
Ivory Coast,2018,5.268,8.523,49.5,62.1,71.3,79.10000000000001
Jamaica,2011,5.374,9.164,66.22,85.5,79.60000000000001,90.9
Jamaica,2013,5.709,9.151,66.46,86.5,79.3,93.10000000000001
Jamaica,2014,5.311,9.152,66.58,87.4,80.9,86.1
Jamaica,2017,5.89,9.169,67.1,91.3,86.1,88.3
Japan,2008,5.911,10.546,73.56,88.7,77.2,81.6
Japan,2009,5.845,10.491,73.68,88.8,73.0,74.0
Japan,2010,6.057,10.532,73.8,90.2,77.2,77.0
Japan,2011,6.263,10.532,73.98,91.7,81.39999999999999,73.4
Japan,2012,5.968,10.549,74.16,90.5,75.3,69.19999999999999
Japan,2013,5.959,10.57,74.34,92.4,82.1,65.0
Japan,2014,5.923,10.575,74.52,90.0,83.8,61.7
Japan,2015,5.88,10.588,74.7,92.30000000000001,83.2,65.4
Japan,2016,5.955,10.595,74.8,90.0,83.6,69.8
Japan,2017,5.911,10.618,74.9,88.2,84.89999999999999,65.9
Japan,2018,5.794,10.623,75.0,88.6,77.3,68.7
Jordan,2008,4.93,9.343,64.22,76.6,0.0,70.89999999999999
Jordan,2009,6.0,9.347,64.46,89.9,77.10000000000001,73.9
Jordan,2010,5.57,9.317,64.7,91.8,78.8,0.0
Jordan,2011,5.539,9.289,65.0,87.8,76.0,0.0
Jordan,2012,5.132,9.261,65.3,82.89999999999999,69.3,0.0
Jordan,2013,5.172,9.237,65.6,84.0,69.19999999999999,0.0
Jordan,2014,5.333,9.222,65.9,81.6,72.89999999999999,0.0
Jordan,2015,5.405,9.207,66.2,83.0,76.7,0.0
Jordan,2016,5.271,9.197,66.4,82.0,77.10000000000001,0.0
Jordan,2017,4.808,9.194,66.6,81.5,76.6,0.0
Jordan,2018,4.639,9.196,66.8,80.0,76.2,0.0
Kazakhstan,2008,5.886,9.898,59.2,83.89999999999999,72.7,89.9
Kazakhstan,2009,5.383,9.884,59.7,89.3,85.6,84.5
Kazakhstan,2010,5.514,9.94,60.2,90.4,78.5,82.3
Kazakhstan,2011,5.736,9.997,60.72,90.5,87.8,80.2
Kazakhstan,2012,5.759,10.03,61.24,89.2,84.0,87.7
Kazakhstan,2013,5.835,10.074,61.76,88.9,78.2,82.0
Kazakhstan,2014,5.97,10.101,62.28,79.5,79.9,80.5
Kazakhstan,2015,5.95,10.098,62.8,93.10000000000001,74.0,71.39999999999999
Kazakhstan,2016,5.534,10.095,63.4,92.80000000000001,78.3,70.19999999999999
Kazakhstan,2017,5.882,10.121,64.0,91.4,74.5,75.5
Kazakhstan,2018,6.008,10.148,64.6,93.7,84.0,82.39999999999999
Kenya,2008,4.015,8.052,52.86,82.69999999999999,62.0,90.9
Kenya,2009,4.27,8.057,54.18,78.9,58.4,91.3
Kenya,2010,4.256,8.111,55.5,80.5,63.5,91.8
Kenya,2011,4.405,8.143,56.06,84.6,70.89999999999999,92.30000000000001
Kenya,2012,4.547,8.161,56.62,83.1,62.8,91.10000000000001
Kenya,2013,3.795,8.192,57.18,82.5,70.8,86.1
Kenya,2014,4.905,8.219,57.74,76.5,81.89999999999999,84.89999999999999
Kenya,2015,4.358,8.249,58.3,77.7,79.3,85.3
Kenya,2016,4.396,8.282,58.9,70.6,74.9,82.8
Kenya,2017,4.476,8.306,59.5,71.5,85.3,85.39999999999999
Kenya,2018,4.656,8.344,60.1,70.7,82.1,84.39999999999999
Kuwait,2009,6.585,11.065,64.44,92.60000000000001,81.89999999999999,67.5
Kuwait,2010,6.798,10.982,64.6,89.3,70.3,48.6
Kuwait,2011,6.378,11.017,64.9,88.2,76.9,56.00000000000001
Kuwait,2012,6.221,11.025,65.2,88.9,93.4,0.0
Kuwait,2013,6.48,10.985,65.5,86.2,75.1,0.0
Kuwait,2014,6.18,10.945,65.8,0.0,0.0,0.0
Kuwait,2015,6.146,10.912,66.1,82.3,82.19999999999999,0.0
Kuwait,2016,5.947,10.91,66.3,84.5,84.1,0.0
Kuwait,2017,6.094,10.837,66.5,85.3,88.4,0.0
Kyrgyzstan,2008,4.737,8.329,60.54,79.2,71.89999999999999,92.30000000000001
Kyrgyzstan,2009,5.069,8.345,60.82,85.5,69.89999999999999,89.60000000000001
Kyrgyzstan,2010,4.996,8.329,61.1,88.5,72.0,92.60000000000001
Kyrgyzstan,2011,4.921,8.374,61.52,89.1,74.8,93.2
Kyrgyzstan,2012,5.208,8.357,61.94,85.6,70.3,89.2
Kyrgyzstan,2013,5.402,8.441,62.36,85.1,75.5,90.0
Kyrgyzstan,2014,5.252,8.46,62.78,89.8,73.6,89.7
Kyrgyzstan,2015,4.905,8.477,63.2,85.7,81.3,85.8
Kyrgyzstan,2016,4.857,8.5,63.5,91.4,81.39999999999999,91.7
Kyrgyzstan,2017,5.63,8.526,63.8,88.3,85.9,87.4
Kyrgyzstan,2018,5.297,8.543,64.1,89.8,94.5,90.7
Laos,2008,5.044,8.366,54.96,80.7,88.6,63.7
Laos,2011,4.704,8.548,56.3,69.1,88.2,58.699999999999996
Laos,2012,4.876,8.611,56.6,69.3,0.0,0.0
Laos,2017,4.623,8.89,58.3,70.7,89.1,59.199999999999996
Laos,2018,4.859,8.935,58.7,70.5,90.7,63.4
Latvia,2008,5.145,10.112,63.88,85.5,63.0,92.60000000000001
Latvia,2009,4.669,9.975,64.24,80.7,43.7,94.19999999999999
Latvia,2011,4.967,10.029,64.86,83.6,56.39999999999999,93.4
Latvia,2012,5.125,10.082,65.12,85.1,56.39999999999999,89.5
Latvia,2013,5.07,10.116,65.38,83.39999999999999,63.1,83.7
Latvia,2014,5.729,10.144,65.64,88.1,67.10000000000001,80.4
Latvia,2015,5.881,10.185,65.9,87.9,65.60000000000001,80.80000000000001
Latvia,2016,5.94,10.211,66.2,91.7,68.5,86.8
Latvia,2017,5.978,10.257,66.5,89.5,70.0,79.80000000000001
Latvia,2018,5.901,10.307,66.8,91.3,60.8,79.9
Lebanon,2008,4.595,9.743,64.96,71.7,52.400000000000006,92.7
Lebanon,2009,5.206,9.83,65.08,73.6,66.5,93.7
Lebanon,2010,5.032,9.878,65.2,72.1,67.80000000000001,94.89999999999999
Lebanon,2011,5.188,9.838,65.28,73.3,65.7,91.10000000000001
Lebanon,2012,4.573,9.8,65.36,71.3,62.1,85.6
Lebanon,2013,4.983,9.772,65.44,70.8,65.5,92.10000000000001
Lebanon,2014,5.233,9.739,65.52,75.9,65.7,93.89999999999999
Lebanon,2015,5.172,9.699,65.6,74.2,59.699999999999996,88.9
Lebanon,2016,5.271,9.687,66.1,82.8,65.7,85.3
Lebanon,2017,5.154,9.681,66.6,77.7,60.5,91.10000000000001
Lebanon,2018,5.167,9.656,67.1,82.89999999999999,60.699999999999996,90.7
Lesotho,2011,4.898,7.777,45.74,82.39999999999999,61.8,76.8
Lesotho,2016,3.808,7.953,46.6,79.80000000000001,72.89999999999999,74.3
Lesotho,2017,3.795,7.931,47.3,76.9,75.7,79.7
Liberia,2008,4.221,7.223,49.96,61.9,72.39999999999999,84.0
Liberia,2010,4.196,7.258,51.6,82.69999999999999,81.89999999999999,81.8
Liberia,2014,4.571,7.391,53.28,70.8,59.0,86.9
Liberia,2015,2.702,7.365,53.7,63.800000000000004,67.10000000000001,90.3
Liberia,2016,3.355,7.324,54.5,64.3,76.3,90.10000000000001
Liberia,2017,4.424,7.324,55.3,68.5,73.3,86.7
Liberia,2018,4.135,7.311,56.1,72.7,76.6,86.8
Libya,2012,5.754,9.842,62.66,85.5,71.2,79.10000000000001
Libya,2015,5.615,9.308,62.3,86.8,77.5,0.0
Libya,2016,5.434,9.268,62.3,87.6,82.19999999999999,0.0
Libya,2017,5.647,9.491,62.3,82.3,77.9,67.30000000000001
Libya,2018,5.494,9.617,62.3,82.39999999999999,78.10000000000001,64.60000000000001
Lithuania,2008,5.554,10.199,63.82,91.4,62.1,96.1
Lithuania,2009,5.467,10.05,64.16,93.30000000000001,49.6,97.89999999999999
Lithuania,2010,5.066,10.085,64.5,88.2,51.9,96.2
Lithuania,2011,5.432,10.167,64.7,91.10000000000001,56.599999999999994,96.39999999999999
Lithuania,2012,5.771,10.218,64.9,91.9,50.3,95.7
Lithuania,2013,5.596,10.263,65.1,91.3,55.60000000000001,93.60000000000001
Lithuania,2014,6.126,10.306,65.3,90.8,50.8,95.6
Lithuania,2015,5.711,10.335,65.5,92.9,64.1,92.4
Lithuania,2016,5.866,10.373,66.1,93.8,61.4,94.89999999999999
Lithuania,2017,6.273,10.429,66.7,92.60000000000001,74.9,79.0
Lithuania,2018,6.309,10.474,67.3,92.9,69.89999999999999,85.2
Luxembourg,2009,6.958,11.562,71.44,93.89999999999999,93.89999999999999,43.2
Luxembourg,2010,7.097,11.592,71.7,95.19999999999999,90.8,42.3
Luxembourg,2011,7.101,11.595,71.88,93.4,96.2,38.800000000000004
Luxembourg,2012,6.964,11.567,72.06,91.4,91.7,40.300000000000004
Luxembourg,2013,7.131,11.58,72.24,91.7,79.0,30.099999999999998
Luxembourg,2014,6.891,11.598,72.42,87.5,93.8,36.6
Luxembourg,2015,6.702,11.617,72.6,93.4,93.2,37.5
Luxembourg,2016,6.967,11.64,72.6,94.1,88.2,35.6
Luxembourg,2017,7.061,11.634,72.6,90.5,90.3,33.0
Luxembourg,2018,7.243,11.645,72.6,90.2,88.4,38.5
Madagascar,2008,4.64,7.439,54.92,77.60000000000001,33.2,77.3
Madagascar,2011,4.381,7.336,56.22,81.8,54.6,89.7
Madagascar,2012,3.551,7.339,56.64,67.30000000000001,48.699999999999996,85.39999999999999
Madagascar,2013,3.816,7.334,57.06,67.30000000000001,48.0,86.8
Madagascar,2014,3.676,7.34,57.48,65.5,52.900000000000006,79.10000000000001
Madagascar,2015,3.593,7.344,57.9,64.7,54.50000000000001,86.1
Madagascar,2016,3.663,7.356,58.3,74.6,56.99999999999999,86.4
Madagascar,2017,4.079,7.368,58.7,62.6,56.99999999999999,84.7
Madagascar,2018,4.071,7.386,59.1,66.60000000000001,55.1,88.9
Malawi,2009,5.148,6.838,49.02,71.8,87.9,68.89999999999999
Malawi,2011,3.946,6.895,51.42,61.3,73.3,85.3
Malawi,2012,4.279,6.885,52.44,60.4,63.7,88.6
Malawi,2013,4.035,6.907,53.46,56.3,75.2,85.7
Malawi,2014,4.563,6.935,54.48,51.2,78.60000000000001,82.39999999999999
Malawi,2015,3.868,6.935,55.5,49.4,80.10000000000001,83.5
Malawi,2016,3.476,6.932,56.2,52.400000000000006,81.0,82.39999999999999
Malawi,2017,3.417,6.945,56.9,55.50000000000001,84.8,73.5
Malawi,2018,3.335,6.949,57.6,52.800000000000004,79.9,76.6
Malaysia,2008,5.807,9.909,65.28,80.30000000000001,78.0,88.4
Malaysia,2009,5.385,9.875,65.44,79.2,87.4,85.8
Malaysia,2010,5.58,9.93,65.6,83.89999999999999,76.9,84.39999999999999
Malaysia,2011,5.786,9.966,65.76,77.0,84.0,84.2
Malaysia,2012,5.914,10.005,65.92,84.1,84.8,84.7
Malaysia,2013,5.77,10.037,66.08,83.1,79.10000000000001,75.5
Malaysia,2014,5.963,10.082,66.24,86.3,80.80000000000001,84.5
Malaysia,2015,6.322,10.118,66.4,81.8,67.5,83.8
Malaysia,2018,5.339,10.223,67.0,78.9,87.5,89.4
Maldives,2018,5.198,9.826,70.6,91.3,85.5,0.0
Mali,2008,4.115,7.607,47.16,74.7,49.5,91.8
Mali,2009,3.977,7.622,47.78,73.3,63.4,81.89999999999999
Mali,2010,3.762,7.642,48.4,75.1,74.9,81.10000000000001
Mali,2011,4.667,7.643,48.76,79.60000000000001,82.3,72.6
Mali,2012,4.313,7.605,49.12,82.3,70.39999999999999,78.7
Mali,2013,3.676,7.599,49.48,82.0,66.5,75.5
Mali,2014,3.975,7.638,49.84,84.3,65.2,65.8
Mali,2015,4.582,7.669,50.2,83.0,63.4,80.0
Mali,2016,4.016,7.695,50.7,83.6,69.6,86.2
Mali,2017,4.742,7.718,51.2,74.1,75.3,86.3
Mali,2018,4.416,7.733,51.7,69.19999999999999,73.7,79.3
Malta,2009,6.328,10.331,71.38,91.60000000000001,80.30000000000001,0.0
Malta,2010,5.774,10.361,71.6,90.8,80.2,0.0
Malta,2011,6.155,10.37,71.72,92.30000000000001,88.2,0.0
Malta,2012,5.963,10.389,71.84,92.2,86.1,0.0
Malta,2013,6.38,10.422,71.96,94.19999999999999,90.9,0.0
Malta,2014,6.452,10.486,72.08,94.1,90.4,67.0
Malta,2015,6.613,10.566,72.2,91.9,91.2,66.4
Malta,2016,6.591,10.599,72.2,93.0,91.60000000000001,69.6
Malta,2017,6.676,10.635,72.2,93.7,92.4,69.0
Malta,2018,6.91,10.67,72.2,93.2,92.7,59.5
Mauritania,2008,4.248,8.501,53.94,67.0,59.3,84.1
Mauritania,2009,4.5,8.473,54.22,81.89999999999999,73.5,84.8
Mauritania,2010,4.772,8.47,54.5,85.7,66.9,72.7
Mauritania,2011,4.785,8.481,54.82,75.0,56.699999999999996,74.7
Mauritania,2012,4.673,8.495,55.14,76.3,48.699999999999996,70.7
Mauritania,2013,4.199,8.506,55.46,74.1,60.3,67.60000000000001
Mauritania,2014,4.483,8.519,55.78,85.3,46.800000000000004,58.9
Mauritania,2015,3.923,8.542,56.1,87.5,44.7,71.5
Mauritania,2016,4.472,8.526,56.4,78.5,46.7,84.2
Mauritania,2017,4.678,8.533,56.7,77.9,52.7,77.7
Mauritania,2018,4.314,8.526,57.0,80.2,46.7,71.1
Mauritius,2011,5.477,9.767,64.7,80.0,84.8,84.7
Mauritius,2014,5.648,9.865,65.3,78.5,82.39999999999999,87.9
Mauritius,2016,5.61,9.935,65.8,83.6,81.89999999999999,89.1
Mauritius,2017,6.174,9.972,66.1,91.0,91.2,81.8
Mauritius,2018,5.882,10.008,66.4,90.9,86.7,78.5
Mexico,2008,6.829,9.821,66.38,87.6,67.7,78.5
Mexico,2009,6.963,9.752,66.44,86.8,68.2,76.4
Mexico,2010,6.802,9.788,66.5,87.6,77.8,69.3
Mexico,2011,6.91,9.81,66.68,82.39999999999999,83.1,69.8
Mexico,2012,7.32,9.832,66.86,76.7,78.8,63.3
Mexico,2013,7.443,9.832,67.04,75.9,73.9,61.5
Mexico,2014,6.68,9.847,67.22,78.2,77.9,63.0
Mexico,2015,6.236,9.867,67.4,76.1,71.89999999999999,70.8
Mexico,2016,6.824,9.884,67.7,89.3,75.2,80.9
Mexico,2017,6.41,9.893,68.0,80.0,86.1,80.10000000000001
Mexico,2018,6.55,9.903,68.3,85.8,81.6,80.9
Moldova,2008,5.503,9.045,60.94,87.2,64.1,92.60000000000001
Moldova,2009,5.554,8.984,61.12,85.6,55.1,92.5
Moldova,2010,5.59,9.054,61.3,84.7,59.8,92.9
Moldova,2011,5.792,9.111,61.62,86.9,62.8,95.7
Moldova,2012,5.996,9.105,61.94,82.6,60.199999999999996,95.5
Moldova,2013,5.756,9.192,62.26,80.30000000000001,65.8,94.1
Moldova,2014,5.917,9.241,62.58,80.5,62.3,92.5
Moldova,2015,6.017,9.246,62.9,84.0,59.5,94.3
Moldova,2016,5.578,9.3,63.6,83.7,55.7,96.89999999999999
Moldova,2017,5.326,9.363,64.3,83.1,55.300000000000004,92.60000000000001
Moldova,2018,5.682,9.423,65.0,89.2,82.39999999999999,92.9
Mongolia,2008,4.493,8.904,59.28,92.0,48.4,96.2
Mongolia,2010,4.586,8.92,60.2,90.4,63.1,92.80000000000001
Mongolia,2011,5.031,9.061,60.5,94.8,70.0,93.10000000000001
Mongolia,2012,4.885,9.158,60.8,91.9,68.8,93.2
Mongolia,2013,4.913,9.248,61.1,93.5,74.8,92.80000000000001
Mongolia,2014,4.825,9.304,61.4,94.3,75.2,90.9
Mongolia,2015,4.983,9.308,61.7,90.60000000000001,68.60000000000001,90.0
Mongolia,2016,5.057,9.3,61.9,94.69999999999999,76.0,90.0
Mongolia,2017,5.334,9.334,62.1,92.4,67.5,86.5
Mongolia,2018,5.465,9.386,62.3,94.19999999999999,69.6,84.89999999999999
Montenegro,2009,4.801,9.699,66.8,81.6,55.60000000000001,83.8
Montenegro,2010,5.455,9.724,67.1,80.5,55.2,75.7
Montenegro,2011,5.223,9.755,67.26,81.8,54.6,76.2
Montenegro,2012,5.219,9.726,67.42,70.39999999999999,46.2,75.5
Montenegro,2013,5.074,9.76,67.58,73.6,50.2,69.3
Montenegro,2014,5.283,9.777,67.74,86.3,50.3,76.8
Montenegro,2015,5.125,9.81,67.9,74.0,58.3,78.10000000000001
Montenegro,2016,5.304,9.839,68.1,86.6,56.89999999999999,84.89999999999999
Montenegro,2017,5.615,9.885,68.3,88.1,62.6,75.6
Montenegro,2018,5.65,9.934,68.5,85.6,62.6,76.9
Morocco,2010,4.383,8.746,63.5,0.0,66.3,90.0
Morocco,2011,5.085,8.783,63.8,83.3,57.9,87.5
Morocco,2012,4.97,8.799,64.1,67.60000000000001,75.7,84.5
Morocco,2013,5.142,8.829,64.4,59.699999999999996,57.199999999999996,77.10000000000001
Morocco,2015,5.163,8.872,65.0,60.6,71.3,84.2
Morocco,2016,5.386,8.869,65.3,65.5,81.69999999999999,71.7
Morocco,2017,5.312,8.898,65.6,64.1,81.39999999999999,84.1
Morocco,2018,4.897,8.914,65.9,55.400000000000006,77.3,84.3
Mozambique,2008,4.654,6.865,46.2,75.6,51.4,86.4
Mozambique,2011,4.971,6.979,48.32,81.8,63.9,71.89999999999999
Mozambique,2015,4.55,7.141,51.2,66.60000000000001,81.3,63.2
Mozambique,2017,4.28,7.157,53.2,67.80000000000001,82.3,68.2
Mozambique,2018,4.654,7.162,54.2,73.8,89.7,69.1
Myanmar,2012,4.439,8.158,57.02,61.199999999999996,69.1,69.5
Myanmar,2013,4.176,8.23,57.38,75.7,77.5,63.800000000000004
Myanmar,2014,4.786,8.299,57.74,77.4,0.0,59.199999999999996
Myanmar,2015,4.224,8.359,58.1,75.2,80.80000000000001,63.3
Myanmar,2016,4.623,8.408,58.4,79.3,87.7,60.699999999999996
Myanmar,2017,4.154,8.464,58.7,79.5,88.6,61.9
Myanmar,2018,4.411,8.523,59.0,77.4,90.60000000000001,64.7
Namibia,2014,4.574,9.232,55.16,76.3,84.89999999999999,79.0
Namibia,2017,4.441,9.215,56.2,82.8,81.0,83.1
Namibia,2018,4.834,9.204,56.5,86.4,75.4,84.6
Nepal,2008,4.441,7.686,58.2,81.8,61.8,90.0
Nepal,2009,4.917,7.723,58.7,81.3,61.6,95.0
Nepal,2010,4.35,7.765,59.2,77.9,51.9,91.10000000000001
Nepal,2011,3.809,7.797,59.4,74.1,52.5,93.5
Nepal,2012,4.233,7.846,59.6,73.4,63.800000000000004,88.3
Nepal,2013,4.605,7.889,59.8,74.0,72.2,87.7
Nepal,2014,4.975,7.948,60.0,78.60000000000001,71.2,84.1
Nepal,2015,4.812,7.976,60.2,74.8,76.3,82.39999999999999
Nepal,2016,5.1,7.973,61.3,83.7,83.89999999999999,81.69999999999999
Nepal,2017,4.737,8.039,62.4,81.6,84.5,77.0
Nepal,2018,4.91,8.087,63.5,76.8,77.0,74.2
Netherlands,2008,7.631,10.899,71.0,94.39999999999999,88.3,41.9
Netherlands,2010,7.502,10.864,71.4,95.7,92.10000000000001,39.900000000000006
Netherlands,2011,7.564,10.875,71.52,93.8,92.5,35.9
Netherlands,2012,7.471,10.861,71.64,93.89999999999999,87.7,43.4
Netherlands,2013,7.407,10.857,71.76,92.5,91.9,50.5
Netherlands,2014,7.321,10.867,71.88,90.9,91.0,45.7
Netherlands,2015,7.324,10.882,72.0,87.9,90.4,41.199999999999996
Netherlands,2016,7.541,10.899,72.1,92.60000000000001,90.7,43.3
Netherlands,2017,7.459,10.921,72.2,93.7,92.0,36.3
Netherlands,2018,7.463,10.941,72.3,93.89999999999999,92.0,37.1
New Zealand,2008,7.381,10.528,71.6,94.39999999999999,89.3,33.4
New Zealand,2010,7.224,10.52,72.0,97.6,91.8,32.1
New Zealand,2011,7.191,10.536,72.12,95.39999999999999,93.5,26.900000000000002
New Zealand,2012,7.25,10.553,72.24,93.0,90.2,28.9
New Zealand,2013,7.28,10.571,72.36,95.8,94.39999999999999,31.2
New Zealand,2014,7.306,10.592,72.48,94.19999999999999,93.2,27.3
New Zealand,2015,7.418,10.608,72.6,98.7,94.19999999999999,18.6
New Zealand,2016,7.226,10.623,72.8,93.7,92.7,27.800000000000004
New Zealand,2017,7.327,10.633,73.0,95.5,94.19999999999999,22.2
New Zealand,2018,7.37,10.66,73.2,95.39999999999999,94.89999999999999,20.7
Nicaragua,2008,5.104,8.454,64.82,85.7,79.10000000000001,81.89999999999999
Nicaragua,2009,5.353,8.407,65.16,83.5,74.6,79.4
Nicaragua,2010,5.687,8.436,65.5,86.3,79.2,80.2
Nicaragua,2011,5.386,8.484,65.72,80.0,77.9,76.0
Nicaragua,2012,5.448,8.534,65.94,89.4,85.0,64.4
Nicaragua,2013,5.772,8.569,66.16,86.8,85.9,63.6
Nicaragua,2014,6.275,8.602,66.38,83.89999999999999,81.69999999999999,69.89999999999999
Nicaragua,2015,5.924,8.636,66.6,82.69999999999999,80.9,72.8
Nicaragua,2016,6.013,8.668,66.9,85.3,71.7,73.1
Nicaragua,2017,6.476,8.7,67.2,83.8,92.2,67.30000000000001
Nicaragua,2018,5.819,8.647,67.5,85.39999999999999,79.7,71.3
Niger,2008,4.236,6.918,47.88,60.699999999999996,64.9,74.9
Niger,2009,4.267,6.898,48.64,77.10000000000001,88.0,48.3
Niger,2010,4.101,6.941,49.4,65.5,81.69999999999999,52.900000000000006
Niger,2011,4.556,6.925,49.92,81.8,78.0,54.900000000000006
Niger,2012,3.798,6.987,50.44,70.0,73.4,77.7
Niger,2013,3.716,7.002,50.96,69.6,82.5,71.1
Niger,2014,4.181,7.027,51.48,75.3,68.8,60.5
Niger,2015,3.671,7.03,52.0,71.3,72.8,70.3
Niger,2016,4.235,7.047,52.5,68.30000000000001,70.19999999999999,81.39999999999999
Niger,2017,4.616,7.058,53.0,58.199999999999996,68.4,77.8
Niger,2018,5.164,7.087,53.5,61.199999999999996,79.10000000000001,63.7
Nigeria,2008,4.939,8.403,45.16,78.0,58.4,89.2
Nigeria,2009,4.98,8.453,45.68,72.2,53.7,91.3
Nigeria,2010,4.76,8.504,46.2,82.39999999999999,56.49999999999999,91.10000000000001
Nigeria,2012,5.493,8.543,47.12,81.8,65.2,90.0
Nigeria,2013,4.818,8.581,47.58,66.3,62.2,90.5
Nigeria,2015,4.933,8.615,48.5,81.2,68.0,92.60000000000001
Nigeria,2016,5.22,8.573,48.9,80.5,79.80000000000001,90.5
Nigeria,2017,5.322,8.555,49.3,73.3,82.6,83.5
Nigeria,2018,5.252,8.548,49.7,74.1,79.0,86.6
North Macedonia,2009,4.428,9.464,64.349,73.4,55.2,84.39999999999999
North Macedonia,2010,4.18,9.496,64.502,68.7,51.300000000000004,85.6
North Macedonia,2011,4.898,9.518,64.661,78.4,60.699999999999996,86.5
North Macedonia,2012,4.64,9.513,64.811,79.80000000000001,61.3,92.0
North Macedonia,2013,5.186,9.541,64.942,83.2,64.1,86.1
North Macedonia,2014,5.204,9.576,65.053,79.3,64.5,86.1
North Macedonia,2015,4.976,9.613,65.145,76.6,66.0,82.39999999999999
North Macedonia,2016,5.346,9.64,65.225,87.1,70.6,87.0
North Macedonia,2017,5.234,9.65,65.303,80.0,75.2,85.6
North Macedonia,2018,5.24,9.677,65.389,84.89999999999999,74.5,91.0
Norway,2008,7.632,11.042,71.56,93.60000000000001,94.69999999999999,50.3
Norway,2012,7.678,11.017,72.24,94.8,94.69999999999999,36.8
Norway,2014,7.444,11.024,72.68,94.1,95.6,40.5
Norway,2015,7.603,11.033,72.9,94.69999999999999,94.8,29.9
Norway,2016,7.596,11.035,73.0,96.0,95.39999999999999,41.0
Norway,2017,7.579,11.05,73.1,95.0,95.3,25.0
Norway,2018,7.444,11.056,73.2,96.6,96.0,26.8
Oman,2011,6.853,10.382,65.5,0.0,91.60000000000001,0.0
Pakistan,2008,4.414,8.271,55.4,37.3,33.5,84.8
Pakistan,2009,5.208,8.277,55.8,52.2,38.800000000000004,87.4
Pakistan,2010,5.786,8.27,56.2,57.099999999999994,36.4,85.2
Pakistan,2011,5.267,8.276,56.42,51.0,37.6,85.7
Pakistan,2012,5.132,8.289,56.64,54.2,36.7,84.2
Pakistan,2013,5.138,8.311,56.86,60.699999999999996,44.800000000000004,79.2
Pakistan,2014,5.436,8.336,57.08,55.2,54.300000000000004,67.7
Pakistan,2015,4.823,8.361,57.3,56.2,58.699999999999996,71.7
Pakistan,2016,5.549,8.394,57.7,62.7,63.4,79.3
Pakistan,2017,5.831,8.428,58.1,69.0,71.3,71.39999999999999
Pakistan,2018,5.472,8.464,58.5,68.5,77.3,79.9
Palestinian Territories,2008,4.386,8.276,62.015,66.60000000000001,35.8,75.3
Palestinian Territories,2009,4.47,8.329,62.132,73.8,46.800000000000004,79.7
Palestinian Territories,2010,4.703,8.383,62.25,82.19999999999999,50.4,75.2
Panama,2008,6.931,9.935,68.1,92.2,70.7,88.1
Panama,2009,7.034,9.93,68.2,90.5,72.1,88.9
Panama,2010,7.321,9.969,68.3,92.80000000000001,75.5,88.0
Panama,2011,7.248,10.059,68.5,87.6,82.89999999999999,84.0
Panama,2012,6.86,10.135,68.7,89.7,78.3,79.60000000000001
Panama,2013,6.866,10.184,68.9,89.60000000000001,81.10000000000001,81.39999999999999
Panama,2014,6.631,10.217,69.1,87.3,89.4,84.7
Panama,2015,6.606,10.255,69.3,88.3,84.7,81.0
Panama,2016,6.118,10.287,69.4,88.2,88.4,83.7
Panama,2017,6.568,10.324,69.5,91.2,90.0,84.1
Panama,2018,6.281,10.343,69.6,90.4,86.1,83.7
Paraguay,2008,5.57,9.174,64.06,88.9,64.9,89.1
Paraguay,2009,5.576,9.158,64.28,90.0,71.8,85.7
Paraguay,2010,5.841,9.25,64.5,88.9,72.6,78.0
Paraguay,2011,5.677,9.278,64.62,86.9,66.60000000000001,75.6
Paraguay,2012,5.82,9.259,64.74,93.10000000000001,74.8,77.4
Paraguay,2013,5.936,9.326,64.86,93.89999999999999,90.9,90.3
Paraguay,2014,5.119,9.36,64.98,95.89999999999999,75.9,76.2
Paraguay,2015,5.56,9.377,65.1,91.4,80.60000000000001,86.3
Paraguay,2016,5.801,9.406,65.3,94.0,85.39999999999999,75.6
Paraguay,2017,5.713,9.441,65.5,90.2,89.1,81.0
Peru,2008,5.129,9.142,65.82,77.7,63.800000000000004,89.60000000000001
Peru,2009,5.519,9.145,66.06,79.9,63.800000000000004,88.0
Peru,2010,5.613,9.217,66.3,81.2,75.7,88.1
Peru,2011,5.892,9.27,66.48,75.6,77.3,82.39999999999999
Peru,2012,5.825,9.322,66.66,76.4,70.3,86.7
Peru,2013,5.783,9.369,66.84,79.7,70.3,87.0
Peru,2014,5.866,9.382,67.02,81.89999999999999,72.2,87.8
Peru,2015,5.577,9.402,67.2,79.80000000000001,80.2,88.4
Peru,2016,5.701,9.426,67.5,80.30000000000001,83.0,86.6
Peru,2017,5.711,9.434,67.8,83.0,82.69999999999999,89.5
Peru,2018,5.68,9.456,68.1,84.5,83.0,90.60000000000001
Philippines,2008,4.589,8.634,60.2,79.80000000000001,86.1,81.69999999999999
Philippines,2009,4.88,8.632,60.4,77.5,87.4,80.5
Philippines,2010,4.942,8.686,60.6,80.5,89.3,81.2
Philippines,2011,4.994,8.707,60.8,78.9,88.3,78.3
Philippines,2012,5.002,8.756,61.0,81.3,91.4,77.10000000000001
Philippines,2013,4.977,8.805,61.2,84.6,90.7,75.6
Philippines,2014,5.313,8.85,61.4,81.3,90.2,78.7
Philippines,2015,5.547,8.896,61.6,85.39999999999999,91.2,75.5
Philippines,2016,5.431,8.95,61.7,82.1,90.8,79.2
Philippines,2017,5.594,9.002,61.8,85.1,92.60000000000001,71.1
Philippines,2018,5.869,9.05,61.9,84.6,91.8,72.6
Poland,2009,5.772,10.047,67.1,91.7,82.1,89.8
Poland,2010,5.887,10.085,67.3,95.5,79.5,90.5
Poland,2011,5.646,10.133,67.46,90.5,86.8,90.8
Poland,2012,5.876,10.149,67.62,93.60000000000001,81.10000000000001,88.8
Poland,2013,5.746,10.164,67.78,91.2,77.60000000000001,91.60000000000001
Poland,2014,5.75,10.197,67.94,92.4,87.5,89.8
Poland,2015,6.007,10.235,68.1,89.3,79.3,81.0
Poland,2016,6.162,10.266,68.5,91.7,87.1,84.8
Poland,2017,6.201,10.314,68.9,88.2,83.1,63.9
Poland,2018,6.111,10.366,69.3,86.3,87.0,72.0
Portugal,2008,5.717,10.384,70.32,88.6,64.60000000000001,93.30000000000001
Portugal,2010,5.095,10.368,70.8,86.4,72.1,94.8
Portugal,2011,5.22,10.353,71.0,85.6,87.5,96.2
Portugal,2012,4.994,10.315,71.2,86.6,77.4,95.89999999999999
Portugal,2013,5.158,10.312,71.4,86.7,78.8,94.6
Portugal,2014,5.127,10.325,71.6,86.2,84.7,94.1
Portugal,2015,5.081,10.347,71.8,86.6,80.0,94.1
Portugal,2016,5.447,10.37,72.0,90.5,83.8,92.2
Portugal,2017,5.711,10.407,72.2,90.0,90.5,88.1
Portugal,2018,5.92,10.434,72.4,88.7,87.7,88.0
Qatar,2009,6.418,11.456,66.58,89.4,86.5,18.4
Qatar,2010,6.85,11.52,66.7,0.0,0.0,0.0
Qatar,2011,6.592,11.553,67.02,85.7,90.5,0.0
Qatar,2012,6.611,11.523,67.34,83.8,92.4,0.0
Qatar,2015,6.375,11.486,68.3,0.0,0.0,0.0
Romania,2009,5.368,9.949,64.96,81.2,60.6,96.7
Romania,2010,4.909,9.915,65.2,68.89999999999999,56.599999999999994,97.39999999999999
Romania,2011,5.023,9.94,65.42,75.3,65.0,96.39999999999999
Romania,2012,5.167,9.965,65.64,74.0,64.5,95.89999999999999
Romania,2013,5.082,10.004,65.86,77.8,65.5,95.19999999999999
Romania,2014,5.727,10.041,66.08,75.3,75.4,95.8
Romania,2015,5.777,10.083,66.3,78.7,79.60000000000001,96.2
Romania,2016,5.969,10.136,66.6,80.9,82.19999999999999,94.89999999999999
Romania,2017,6.09,10.211,66.9,81.10000000000001,83.89999999999999,92.60000000000001
Romania,2018,6.151,10.26,67.2,81.8,84.5,92.10000000000001
Russia,2008,5.619,10.125,59.84,88.2,64.3,92.4
Russia,2009,5.158,10.044,60.42,90.8,61.7,95.39999999999999
Russia,2010,5.385,10.087,61.0,90.9,61.3,93.7
Russia,2011,5.389,10.129,61.42,88.3,62.6,93.5
Russia,2012,5.621,10.166,61.84,90.10000000000001,60.9,93.8
Russia,2013,5.537,10.182,62.26,88.1,66.10000000000001,93.4
Russia,2014,6.037,10.171,62.68,93.2,74.4,86.9
Russia,2015,5.996,10.149,63.1,92.4,68.5,91.3
Russia,2016,5.855,10.149,63.5,91.10000000000001,71.39999999999999,92.5
Russia,2017,5.579,10.166,63.9,89.60000000000001,73.1,86.2
Russia,2018,5.514,10.191,64.3,90.9,72.89999999999999,86.5
Rwanda,2008,4.363,7.239,53.04,48.6,75.2,28.599999999999998
Rwanda,2009,4.03,7.273,54.62,55.900000000000006,76.6,41.0
Rwanda,2011,4.097,7.369,56.82,56.99999999999999,82.89999999999999,16.1
Rwanda,2012,3.333,7.428,57.44,63.7,83.5,8.1
Rwanda,2013,3.466,7.449,58.06,75.0,90.4,11.700000000000001
Rwanda,2014,3.596,7.484,58.68,74.8,89.4,7.8
Rwanda,2015,3.483,7.544,59.3,67.80000000000001,90.8,9.5
Rwanda,2016,3.333,7.576,59.9,66.5,91.10000000000001,15.9
Rwanda,2017,3.108,7.588,60.5,51.7,90.8,21.4
Rwanda,2018,3.561,7.644,61.1,61.6,92.4,16.400000000000002
Saudi Arabia,2008,6.811,10.722,64.04,82.3,53.2,50.8
Saudi Arabia,2009,6.148,10.673,64.22,92.10000000000001,63.9,44.5
Saudi Arabia,2010,6.307,10.693,64.4,88.0,67.80000000000001,0.0
Saudi Arabia,2011,6.7,10.758,64.6,83.0,60.3,0.0
Saudi Arabia,2012,6.396,10.779,64.8,86.7,56.00000000000001,0.0
Saudi Arabia,2013,6.495,10.776,65.0,82.69999999999999,66.10000000000001,0.0
Saudi Arabia,2014,6.278,10.783,65.2,81.8,76.2,0.0
Saudi Arabia,2015,6.345,10.798,65.4,82.0,82.0,0.0
Saudi Arabia,2016,6.474,10.792,65.7,89.0,77.4,0.0
Saudi Arabia,2017,6.294,10.764,66.0,84.0,81.39999999999999,0.0
Saudi Arabia,2018,6.356,10.771,66.3,86.8,85.5,0.0
Senegal,2008,4.683,7.916,54.74,75.6,61.199999999999996,87.9
Senegal,2009,4.335,7.909,55.42,81.0,55.7,91.8
Senegal,2010,4.372,7.917,56.1,76.0,77.7,85.1
Senegal,2011,3.834,7.904,56.56,60.199999999999996,64.1,87.0
Senegal,2012,3.669,7.926,57.02,71.1,66.8,85.2
Senegal,2013,3.647,7.926,57.48,82.3,63.6,83.7
Senegal,2014,4.395,7.961,57.94,85.6,69.19999999999999,70.0
Senegal,2015,4.617,7.995,58.4,70.19999999999999,72.0,76.5
Senegal,2016,4.595,8.029,58.8,83.89999999999999,74.4,79.4
Senegal,2017,4.683,8.072,59.2,74.4,68.7,82.5
Senegal,2018,4.769,8.106,59.6,73.9,62.9,80.5
Serbia,2009,4.38,9.568,66.0,77.0,37.3,96.1
Serbia,2010,4.461,9.579,66.2,72.6,46.300000000000004,96.5
Serbia,2011,4.815,9.607,66.36,77.3,44.0,97.7
Serbia,2012,5.155,9.605,66.52,81.89999999999999,46.1,95.19999999999999
Serbia,2013,5.102,9.638,66.68,82.8,53.300000000000004,90.8
Serbia,2014,5.113,9.627,66.84,78.3,53.2,91.2
Serbia,2015,5.318,9.649,67.0,81.6,54.6,85.9
Serbia,2016,5.753,9.688,67.4,89.5,61.4,89.0
Serbia,2017,5.122,9.713,67.8,88.4,68.5,85.1
Serbia,2018,5.936,9.762,68.2,85.3,74.0,86.4
Sierra Leone,2008,2.997,7.215,42.1,59.099999999999994,71.6,92.5
Sierra Leone,2010,4.134,7.254,43.9,81.2,72.6,91.0
Sierra Leone,2011,4.502,7.292,44.32,78.2,77.0,85.5
Sierra Leone,2013,4.514,7.577,45.16,70.8,72.0,85.6
Sierra Leone,2014,4.5,7.6,45.58,86.9,68.10000000000001,78.60000000000001
Sierra Leone,2015,4.909,7.347,46.0,61.1,62.4,82.5
Sierra Leone,2016,4.733,7.384,47.6,65.7,68.10000000000001,86.3
Sierra Leone,2017,4.09,7.404,49.2,65.2,71.1,84.8
Sierra Leone,2018,4.306,7.417,50.8,65.0,71.6,85.6
Singapore,2008,6.642,11.178,74.2,84.5,66.10000000000001,6.6000000000000005
Singapore,2009,6.145,11.149,74.5,86.6,77.60000000000001,3.5000000000000004
Singapore,2010,6.531,11.267,74.8,86.4,84.6,6.0
Singapore,2011,6.561,11.307,75.02,90.4,82.19999999999999,9.9
Singapore,2013,6.533,11.357,75.46,80.80000000000001,82.69999999999999,24.2
Singapore,2014,7.062,11.383,75.68,82.19999999999999,83.5,13.3
Singapore,2015,6.62,11.4,75.9,86.6,88.7,9.9
Singapore,2016,6.033,11.419,76.2,92.5,90.4,4.7
Singapore,2017,6.378,11.461,76.5,89.7,92.60000000000001,16.2
Singapore,2018,6.375,11.49,76.8,90.3,91.60000000000001,9.700000000000001
Slovakia,2010,6.052,10.169,66.8,92.0,63.6,90.7
Slovakia,2011,5.945,10.196,67.04,91.7,72.7,90.7
Slovakia,2012,5.911,10.213,67.28,92.60000000000001,62.0,90.7
Slovakia,2013,5.937,10.218,67.52,90.9,59.8,91.5
Slovakia,2014,6.139,10.244,67.76,92.4,63.5,91.4
Slovakia,2015,6.162,10.291,68.0,94.3,58.699999999999996,92.80000000000001
Slovakia,2016,5.993,10.31,68.3,94.5,70.0,91.7
Slovakia,2017,6.366,10.339,68.6,91.3,71.39999999999999,92.0
Slovakia,2018,6.235,10.376,68.9,92.2,75.8,91.0
Slovenia,2009,5.83,10.41,68.9,91.9,89.60000000000001,80.4
Slovenia,2010,6.083,10.419,69.2,91.7,89.60000000000001,84.5
Slovenia,2011,6.036,10.426,69.4,93.10000000000001,90.7,89.3
Slovenia,2012,6.063,10.397,69.6,92.5,90.4,89.1
Slovenia,2013,5.975,10.385,69.8,93.2,89.0,91.8
Slovenia,2014,5.678,10.412,70.0,90.8,88.8,90.9
Slovenia,2015,5.741,10.433,70.2,90.10000000000001,89.60000000000001,89.2
Slovenia,2016,5.937,10.463,70.5,93.4,90.4,83.8
Slovenia,2017,6.167,10.509,70.8,92.80000000000001,92.10000000000001,82.89999999999999
Slovenia,2018,6.249,10.546,71.1,94.1,94.19999999999999,83.89999999999999
Somalia,2014,5.528,0.0,49.6,61.1,87.4,45.6
Somalia,2015,5.354,0.0,50.1,59.9,96.8,41.0
Somalia,2016,4.668,0.0,50.0,59.4,91.7,44.1
South Africa,2008,5.346,9.444,49.26,81.0,74.9,86.6
South Africa,2009,5.218,9.414,49.88,87.7,73.9,90.4
South Africa,2010,4.652,9.43,50.5,91.7,73.9,79.10000000000001
South Africa,2011,4.931,9.447,51.46,85.8,83.5,81.89999999999999
South Africa,2012,5.134,9.453,52.42,90.7,59.0,83.8
South Africa,2013,3.661,9.461,53.38,83.89999999999999,71.39999999999999,80.0
South Africa,2014,4.828,9.464,54.34,88.1,79.4,82.0
South Africa,2015,4.887,9.46,55.3,89.8,86.2,85.3
South Africa,2016,4.77,9.45,55.7,87.5,77.4,81.3
South Africa,2017,4.514,9.45,56.1,87.0,78.7,86.5
South Africa,2018,4.884,9.444,56.5,84.1,75.3,84.1
South Korea,2008,5.39,10.383,70.8,75.4,52.400000000000006,77.10000000000001
South Korea,2009,5.648,10.386,71.1,81.10000000000001,60.0,78.7
South Korea,2010,6.116,10.447,71.4,81.6,67.7,75.2
South Korea,2011,6.947,10.475,71.66,80.9,68.2,82.69999999999999
South Korea,2012,6.003,10.494,71.92,77.5,61.8,84.39999999999999
South Korea,2013,5.959,10.52,72.18,79.7,64.2,83.2
South Korea,2014,5.801,10.546,72.44,73.8,62.3,83.39999999999999
South Korea,2015,5.78,10.568,72.7,76.8,61.6,84.1
South Korea,2016,5.971,10.593,73.0,81.10000000000001,59.099999999999994,86.2
South Korea,2017,5.874,10.621,73.3,80.7,53.800000000000004,85.1
South Korea,2018,5.84,10.643,73.6,79.80000000000001,60.0,79.7
South Sudan,2014,3.832,0.0,49.84,54.50000000000001,56.699999999999996,74.2
South Sudan,2015,4.071,0.0,50.2,58.5,51.2,71.0
South Sudan,2016,2.888,0.0,50.6,53.2,44.0,78.5
South Sudan,2017,2.817,0.0,51.0,55.7,45.6,76.1
Spain,2008,7.294,10.579,72.34,94.8,83.39999999999999,68.30000000000001
Spain,2009,6.199,10.532,72.62,92.9,74.9,79.80000000000001
Spain,2010,6.188,10.529,72.9,95.0,79.60000000000001,84.0
Spain,2011,6.518,10.518,73.02,94.39999999999999,81.89999999999999,84.6
Spain,2012,6.291,10.487,73.14,93.7,75.5,84.39999999999999
Spain,2013,6.15,10.476,73.26,92.9,75.9,91.60000000000001
Spain,2014,6.456,10.492,73.38,94.8,73.8,85.39999999999999
Spain,2015,6.381,10.531,73.5,95.6,73.2,82.19999999999999
Spain,2016,6.319,10.56,73.8,94.19999999999999,76.8,81.89999999999999
Spain,2017,6.23,10.586,74.1,90.3,75.6,79.10000000000001
Spain,2018,6.513,10.605,74.4,91.0,72.2,77.7
Sri Lanka,2008,4.431,9.021,65.94,81.6,83.39999999999999,86.1
Sri Lanka,2009,4.212,9.049,66.02,83.0,79.9,69.0
Sri Lanka,2010,3.977,9.119,66.1,81.39999999999999,73.8,76.9
Sri Lanka,2011,4.181,9.193,66.2,84.2,82.3,76.0
Sri Lanka,2012,4.225,9.279,66.3,82.39999999999999,80.0,82.3
Sri Lanka,2013,4.365,9.305,66.4,80.9,83.39999999999999,84.2
Sri Lanka,2014,4.268,9.344,66.5,80.5,86.8,79.10000000000001
Sri Lanka,2015,4.612,9.383,66.6,86.3,90.2,85.9
Sri Lanka,2017,4.331,9.44,67.0,82.3,82.69999999999999,84.39999999999999
Sri Lanka,2018,4.435,9.462,67.2,83.3,85.9,85.6
Sudan,2009,4.455,8.106,53.7,91.10000000000001,71.0,70.1
Sudan,2010,4.435,8.076,54.0,85.5,64.8,73.7
Sudan,2011,4.314,8.204,54.28,81.8,58.3,66.3
Sudan,2012,4.55,8.296,54.56,81.3,41.199999999999996,73.4
Sudan,2014,4.139,8.317,55.12,81.10000000000001,39.0,79.4
Suriname,2012,6.269,9.797,62.24,79.7,88.5,75.1
Swaziland,2011,4.867,8.94,40.808,83.7,60.699999999999996,91.7
Swaziland,2018,4.212,9.06,50.353,77.9,71.0,69.19999999999999
Sweden,2008,7.516,10.793,71.62,92.30000000000001,91.2,31.4
Sweden,2009,7.266,10.74,71.76,90.3,86.4,29.2
Sweden,2010,7.496,10.79,71.9,97.0,90.5,25.3
Sweden,2011,7.382,10.814,71.98,92.10000000000001,94.1,26.900000000000002
Sweden,2012,7.56,10.8,72.06,92.9,94.39999999999999,25.4
Sweden,2013,7.434,10.804,72.14,91.60000000000001,93.60000000000001,32.4
Sweden,2014,7.239,10.82,72.22,93.30000000000001,94.5,25.0
Sweden,2015,7.289,10.853,72.3,92.9,93.5,23.200000000000003
Sweden,2016,7.369,10.861,72.4,91.2,91.8,24.6
Sweden,2017,7.287,10.873,72.5,91.4,93.5,23.9
Sweden,2018,7.375,10.881,72.6,93.10000000000001,94.19999999999999,26.3
Switzerland,2009,7.525,11.055,72.26,93.8,89.1,34.2
Switzerland,2012,7.776,11.079,72.78,94.69999999999999,94.5,32.300000000000004
Switzerland,2014,7.493,11.098,73.06,95.89999999999999,94.89999999999999,28.299999999999997
Switzerland,2015,7.572,11.1,73.2,93.8,92.80000000000001,21.0
Switzerland,2016,7.459,11.106,73.5,92.80000000000001,93.4,30.2
Switzerland,2017,7.474,11.115,73.8,95.0,92.5,31.6
Switzerland,2018,7.509,11.134,74.1,93.0,92.60000000000001,30.099999999999998
Syria,2008,5.323,8.652,63.9,71.2,66.10000000000001,68.0
Syria,2009,4.979,8.654,64.0,84.2,74.8,68.8
Syria,2010,4.465,8.729,64.1,93.4,64.7,74.3
Syria,2011,4.038,8.727,62.32,57.599999999999994,53.0,74.1
Syria,2012,3.164,8.563,60.54,58.8,46.7,67.30000000000001
Syria,2013,2.688,8.396,58.76,58.5,45.5,66.3
Syria,2015,3.462,8.442,55.2,46.400000000000006,44.800000000000004,68.5
Taiwan Province of China,2008,5.548,10.606,69.14,83.0,64.2,78.5
Taiwan Province of China,2010,6.229,10.691,69.6,83.1,67.7,82.1
Tajikistan,2008,5.064,7.665,61.52,70.1,81.6,72.3
Tajikistan,2009,4.575,7.682,61.96,67.60000000000001,74.4,79.2
Tajikistan,2010,4.381,7.723,62.4,75.9,78.4,67.9
Tajikistan,2011,4.263,7.772,62.56,75.1,77.60000000000001,67.2
Tajikistan,2012,4.497,7.821,62.72,72.89999999999999,74.9,71.7
Tajikistan,2013,4.967,7.87,62.88,70.1,69.3,76.4
Tajikistan,2014,4.896,7.911,63.04,81.0,85.3,69.8
Tajikistan,2015,5.124,7.945,63.2,84.39999999999999,84.7,74.2
Tajikistan,2016,5.104,7.987,63.5,85.7,70.3,63.2
Tajikistan,2017,5.829,8.036,63.8,66.3,83.2,71.8
Tajikistan,2018,5.497,8.082,64.1,87.5,0.0,57.8
Tanzania,2008,4.385,7.549,50.5,77.4,56.2,93.0
Tanzania,2009,3.408,7.572,51.4,83.7,60.699999999999996,90.3
Tanzania,2010,3.229,7.604,52.3,81.3,59.699999999999996,86.6
Tanzania,2011,4.074,7.649,53.04,88.3,73.6,81.6
Tanzania,2012,4.007,7.663,53.78,83.2,57.699999999999996,88.7
Tanzania,2013,3.852,7.699,54.52,80.30000000000001,65.4,85.9
Tanzania,2014,3.483,7.734,55.26,78.9,65.4,87.8
Tanzania,2015,3.661,7.764,56.0,79.0,75.9,90.60000000000001
Tanzania,2016,2.903,7.8,56.5,63.800000000000004,77.5,73.9
Tanzania,2017,3.347,7.836,57.0,70.5,80.0,65.4
Tanzania,2018,3.445,7.859,57.5,67.5,80.7,61.199999999999996
Thailand,2008,5.636,9.52,64.82,83.2,86.8,93.30000000000001
Thailand,2009,5.476,9.508,65.16,89.3,86.8,90.4
Thailand,2010,6.217,9.576,65.5,89.8,86.0,91.7
Thailand,2011,6.664,9.579,65.72,88.4,92.7,92.30000000000001
Thailand,2012,6.3,9.645,65.94,90.60000000000001,84.7,90.9
Thailand,2013,6.231,9.667,66.16,92.60000000000001,78.10000000000001,92.5
Thailand,2014,6.985,9.672,66.38,93.30000000000001,90.0,92.0
Thailand,2015,6.202,9.699,66.6,86.6,88.5,91.4
Thailand,2016,6.074,9.729,66.8,90.8,92.4,87.8
Thailand,2017,5.939,9.765,67.0,87.7,92.30000000000001,88.4
Thailand,2018,6.012,9.803,67.2,87.3,90.5,90.7
Togo,2008,2.808,7.052,50.18,29.099999999999998,28.7,93.2
Togo,2011,2.936,7.146,51.58,30.3,58.4,83.2
Togo,2014,2.839,7.247,53.02,44.4,66.3,79.5
Togo,2015,3.768,7.277,53.5,47.9,77.2,73.3
Togo,2016,3.879,7.306,53.9,50.9,73.0,81.5
Togo,2017,4.361,7.324,54.3,50.8,71.7,72.6
Togo,2018,4.023,7.348,54.7,59.599999999999994,61.199999999999996,80.9
Trinidad and Tobago,2008,6.696,10.295,62.08,85.8,83.8,95.89999999999999
Trinidad and Tobago,2011,6.519,10.263,62.54,86.3,77.5,90.0
Trinidad and Tobago,2013,6.168,10.285,62.82,88.3,84.7,94.8
Trinidad and Tobago,2017,6.192,10.183,63.5,91.60000000000001,85.9,91.10000000000001
Tunisia,2009,5.025,9.197,64.96,0.0,78.10000000000001,72.2
Tunisia,2010,5.131,9.222,65.1,86.3,62.4,73.2
Tunisia,2011,4.876,9.192,65.28,71.5,60.3,91.3
Tunisia,2012,4.464,9.222,65.46,61.4,56.8,89.9
Tunisia,2013,5.246,9.24,65.64,64.8,53.6,88.6
Tunisia,2014,4.764,9.26,65.82,68.0,58.9,78.3
Tunisia,2015,5.132,9.261,66.0,60.9,71.1,81.5
Tunisia,2016,4.521,9.262,66.3,70.19999999999999,61.4,81.10000000000001
Tunisia,2017,4.124,9.269,66.6,71.7,47.8,86.9
Tunisia,2018,4.741,9.284,66.9,73.3,65.0,84.0
Turkey,2008,5.118,9.899,63.68,64.5,41.5,78.5
Turkey,2009,5.213,9.838,64.04,75.5,45.6,85.3
Turkey,2010,5.49,9.906,64.4,79.5,51.5,81.10000000000001
Turkey,2011,5.272,9.996,64.64,69.19999999999999,44.6,64.9
Turkey,2012,5.309,10.026,64.88,73.9,47.099999999999994,70.19999999999999
Turkey,2013,4.888,10.091,65.12,79.5,54.1,69.8
Turkey,2014,5.58,10.124,65.36,86.3,64.9,76.4
Turkey,2015,5.514,10.166,65.6,85.1,65.3,80.60000000000001
Turkey,2016,5.326,10.181,66.0,88.0,64.4,76.4
Turkey,2017,5.607,10.238,66.4,87.6,64.4,67.10000000000001
Turkey,2018,5.186,10.251,66.8,84.7,52.900000000000006,80.5
Turkmenistan,2009,6.568,8.989,59.44,92.4,0.0,0.0
Turkmenistan,2011,5.792,9.182,60.04,96.39999999999999,0.0,0.0
Turkmenistan,2012,5.464,9.269,60.28,94.6,78.60000000000001,0.0
Turkmenistan,2013,5.392,9.348,60.52,84.6,70.5,0.0
Turkmenistan,2014,5.787,9.427,60.76,90.9,80.5,0.0
Turkmenistan,2015,5.791,9.472,61.0,96.0,70.1,0.0
Turkmenistan,2016,5.887,9.515,61.4,92.9,74.9,0.0
Turkmenistan,2017,5.229,9.561,61.8,90.8,72.0,0.0
Turkmenistan,2018,4.621,9.605,62.2,98.4,85.8,0.0
Uganda,2008,4.569,7.471,48.44,81.3,57.8,84.8
Uganda,2009,4.612,7.505,49.42,85.2,76.0,84.0
Uganda,2010,4.193,7.528,50.4,83.0,80.10000000000001,85.5
Uganda,2011,4.826,7.586,51.22,88.2,73.3,83.0
Uganda,2012,4.309,7.592,52.04,88.5,64.9,83.8
Uganda,2013,3.71,7.595,52.86,87.8,76.3,82.0
Uganda,2014,3.77,7.611,53.68,82.1,83.39999999999999,89.8
Uganda,2015,4.238,7.627,54.5,74.7,75.8,87.3
Uganda,2016,4.233,7.637,54.9,75.4,73.9,81.10000000000001
Uganda,2017,4.001,7.638,55.3,74.0,77.2,81.6
Uganda,2018,4.322,7.66,55.7,74.0,72.89999999999999,85.6
Ukraine,2008,5.172,9.488,61.16,86.0,48.699999999999996,92.9
Ukraine,2009,5.166,9.332,61.68,84.5,46.0,96.2
Ukraine,2010,5.058,9.374,62.2,88.4,48.4,95.39999999999999
Ukraine,2011,5.083,9.431,62.5,85.9,57.9,93.30000000000001
Ukraine,2012,5.03,9.436,62.8,89.8,56.39999999999999,89.60000000000001
Ukraine,2013,4.711,9.438,63.1,89.7,56.89999999999999,93.7
Ukraine,2014,4.297,9.426,63.4,87.7,53.300000000000004,92.7
Ukraine,2015,3.965,9.327,63.7,90.9,43.1,95.19999999999999
Ukraine,2016,4.029,9.353,64.0,88.5,50.3,89.1
Ukraine,2017,4.311,9.382,64.3,85.8,59.9,93.7
Ukraine,2018,4.662,9.42,64.6,90.10000000000001,66.3,94.3
United Arab Emirates,2009,6.866,10.975,66.28,88.5,84.89999999999999,33.900000000000006
United Arab Emirates,2010,7.097,10.914,66.4,91.2,87.8,35.5
United Arab Emirates,2011,7.119,10.935,66.42,88.1,88.9,0.0
United Arab Emirates,2012,7.218,10.958,66.44,85.6,92.0,0.0
United Arab Emirates,2013,6.621,11.001,66.46,86.4,93.60000000000001,0.0
United Arab Emirates,2014,6.54,11.041,66.48,0.0,0.0,0.0
United Arab Emirates,2015,6.568,11.086,66.5,82.39999999999999,91.5,0.0
United Arab Emirates,2016,6.831,11.105,66.7,84.89999999999999,94.89999999999999,0.0
United Arab Emirates,2017,7.039,11.115,66.9,83.6,96.2,0.0
United Arab Emirates,2018,6.604,11.112,67.1,85.1,94.39999999999999,0.0
United Kingdom,2008,6.986,10.689,70.74,95.39999999999999,75.9,54.800000000000004
United Kingdom,2009,6.907,10.638,71.02,96.39999999999999,81.6,55.900000000000006
United Kingdom,2010,7.029,10.649,71.3,95.5,84.1,58.699999999999996
United Kingdom,2011,6.869,10.657,71.38,94.89999999999999,90.0,43.8
United Kingdom,2012,6.881,10.664,71.46,93.5,88.9,42.5
United Kingdom,2013,6.918,10.679,71.54,93.7,90.5,56.8
United Kingdom,2014,6.758,10.697,71.62,91.0,85.7,48.4
United Kingdom,2015,6.515,10.712,71.7,93.60000000000001,83.3,45.6
United Kingdom,2016,6.824,10.724,71.9,95.39999999999999,82.1,45.800000000000004
United Kingdom,2017,7.103,10.736,72.1,93.7,81.3,41.9
United Kingdom,2018,7.233,10.743,72.3,92.80000000000001,83.8,40.400000000000006
United States,2008,7.28,10.922,68.38,95.3,87.8,66.8
United States,2009,7.158,10.888,68.54,91.2,83.1,66.5
United States,2010,7.164,10.905,68.7,92.60000000000001,82.8,69.0
United States,2011,7.115,10.913,68.68,92.2,86.3,69.69999999999999
United States,2012,7.026,10.928,68.66,90.3,82.3,71.0
United States,2013,7.249,10.939,68.64,92.5,79.2,74.7
United States,2014,7.151,10.956,68.62,90.2,86.6,70.19999999999999
United States,2015,6.864,10.977,68.6,90.4,84.89999999999999,69.8
United States,2016,6.804,10.986,68.5,89.7,75.8,73.9
United States,2017,6.992,11.001,68.4,92.10000000000001,86.8,68.10000000000001
United States,2018,6.883,11.025,68.3,90.4,82.5,71.0
Uruguay,2008,5.664,9.671,67.72,87.9,80.80000000000001,59.699999999999996
Uruguay,2009,6.296,9.71,67.86,92.4,82.5,54.400000000000006
Uruguay,2010,6.062,9.782,68.0,89.3,83.2,47.099999999999994
Uruguay,2011,6.554,9.83,68.14,89.1,85.1,55.60000000000001
Uruguay,2012,6.45,9.861,68.28,86.5,87.1,61.5
Uruguay,2013,6.444,9.904,68.42,91.7,88.8,58.599999999999994
Uruguay,2014,6.561,9.932,68.56,90.2,90.4,53.300000000000004
Uruguay,2015,6.628,9.932,68.7,89.1,91.7,67.30000000000001
Uruguay,2016,6.171,9.946,68.8,90.0,88.6,67.60000000000001
Uruguay,2017,6.336,9.968,68.9,91.4,89.8,62.7
Uruguay,2018,6.372,9.98,69.0,91.7,87.6,68.30000000000001
Uzbekistan,2008,5.311,8.339,62.32,89.4,83.1,0.0
Uzbekistan,2009,5.261,8.4,62.76,90.5,0.0,61.0
Uzbekistan,2010,5.095,8.445,63.2,90.3,0.0,51.9
Uzbekistan,2011,5.739,8.493,63.4,92.4,93.4,52.2
Uzbekistan,2012,6.019,8.55,63.6,93.30000000000001,91.4,46.300000000000004
Uzbekistan,2013,5.94,8.607,63.8,96.3,95.0,43.4
Uzbekistan,2014,6.049,8.659,64.0,95.19999999999999,95.39999999999999,53.6
Uzbekistan,2015,5.972,8.714,64.2,96.8,98.0,47.099999999999994
Uzbekistan,2016,5.893,8.756,64.5,94.5,98.4,0.0
Uzbekistan,2017,6.421,8.782,64.8,94.19999999999999,98.5,46.5
Uzbekistan,2018,6.205,8.818,65.1,92.10000000000001,97.0,52.0
Venezuela,2008,6.258,9.701,65.58,92.2,67.80000000000001,77.60000000000001
Venezuela,2009,7.189,9.542,65.64,94.5,67.7,82.8
Venezuela,2010,7.478,9.717,65.7,93.2,76.8,75.4
Venezuela,2011,6.58,9.822,65.74,93.10000000000001,76.6,77.2
Venezuela,2012,7.067,9.826,65.78,93.2,80.4,74.3
Venezuela,2013,6.553,9.739,65.82,89.60000000000001,64.2,83.7
Venezuela,2014,6.136,9.557,65.86,90.4,56.99999999999999,82.69999999999999
Venezuela,2015,5.569,9.001,65.9,91.10000000000001,51.2,81.3
Venezuela,2016,4.041,9.01,66.1,90.2,45.800000000000004,89.0
Venezuela,2017,5.071,9.073,66.3,89.60000000000001,63.6,84.39999999999999
Venezuela,2018,5.006,0.0,66.5,88.7,61.1,82.8
Vietnam,2008,5.48,8.44,66.18,80.5,88.9,78.9
Vietnam,2009,5.304,8.483,66.34,81.5,83.39999999999999,83.8
Vietnam,2010,5.296,8.535,66.5,78.7,83.1,74.3
Vietnam,2011,5.767,8.585,66.66,89.8,81.8,74.2
Vietnam,2012,5.535,8.626,66.82,77.5,85.6,81.5
Vietnam,2013,5.023,8.668,66.98,75.9,92.0,77.10000000000001
Vietnam,2014,5.085,8.716,67.14,79.2,0.0,0.0
Vietnam,2015,5.076,8.77,67.3,84.89999999999999,0.0,0.0
Vietnam,2016,5.062,8.82,67.5,87.6,89.4,79.9
Vietnam,2017,5.175,8.876,67.7,0.0,0.0,0.0
Vietnam,2018,5.296,8.934,67.9,83.2,90.9,80.80000000000001
Yemen,2009,4.809,8.278,54.0,75.6,64.4,83.2
Yemen,2010,4.35,8.453,54.3,72.7,65.9,85.3
Yemen,2011,3.746,8.336,54.3,66.3,63.800000000000004,75.4
Yemen,2012,4.061,8.236,54.3,68.2,70.6,79.3
Yemen,2013,4.218,8.242,54.3,69.39999999999999,54.300000000000004,88.5
Yemen,2014,3.968,8.117,54.3,63.800000000000004,66.4,88.5
Yemen,2015,2.983,7.858,54.3,66.9,61.0,82.89999999999999
Yemen,2016,3.826,7.715,55.1,77.5,53.300000000000004,0.0
Yemen,2017,3.254,7.578,55.9,79.0,59.5,0.0
Yemen,2018,3.058,0.0,56.7,78.9,55.300000000000004,79.3
Zambia,2008,4.73,7.918,47.18,62.4,71.7,89.0
Zambia,2009,5.26,7.978,48.64,78.2,69.6,91.7
Zambia,2011,4.999,8.071,50.84,86.4,66.3,88.2
Zambia,2012,5.013,8.114,51.58,78.0,78.8,80.60000000000001
Zambia,2013,5.244,8.131,52.32,76.1,77.0,73.2
Zambia,2014,4.346,8.146,53.06,70.6,81.2,80.9
Zambia,2015,4.843,8.144,53.8,69.1,75.9,87.1
Zambia,2016,4.348,8.151,54.3,76.7,81.2,77.10000000000001
Zambia,2017,3.933,8.156,54.8,74.4,82.3,74.0
Zambia,2018,4.041,8.167,55.3,71.8,79.10000000000001,81.10000000000001
Zimbabwe,2008,3.174,7.461,44.14,84.3,34.4,96.39999999999999
Zimbabwe,2009,4.056,7.563,45.42,80.60000000000001,41.099999999999994,93.10000000000001
Zimbabwe,2010,4.682,7.729,46.7,85.7,66.5,82.8
Zimbabwe,2011,4.846,7.846,48.12,86.5,63.3,83.0
Zimbabwe,2012,4.955,7.983,49.54,89.60000000000001,47.0,85.9
Zimbabwe,2013,4.69,7.985,50.96,79.9,57.599999999999994,83.1
Zimbabwe,2014,4.184,7.991,52.38,76.6,64.2,82.0
Zimbabwe,2015,3.703,7.992,53.8,73.6,66.7,81.0
Zimbabwe,2016,3.735,7.984,54.4,76.8,73.3,72.39999999999999
Zimbabwe,2017,3.638,8.016,55.0,75.4,75.3,75.1
Zimbabwe,2018,3.616,8.049,55.6,77.5,76.3,84.39999999999999
